old_accession,accession,assay,status,assembly,runtype
ENCFF002DZT,ENCFF002DZT,ChIP-seq,1,hg38,se
ENCFF000WDD,ENCFF000WDD,ChIP-seq,1,hg38,se
ENCFF000YEF,ENCFF000YEF,ChIP-seq,1,hg38,se
ENCFF000PIE,ENCFF000PIE,ChIP-seq,0,hg38,se
ENCFF740ECI,ENCFF740ECI,ChIP-seq,0,hg38,se
ENCFF000QWQ,ENCFF000QWQ,ChIP-seq,0,hg38,se
ENCFF000REP,ENCFF000REP,ChIP-seq,0,hg38,se
ENCFF563PNW,ENCFF563PNW,ChIP-seq,0,hg38,se
ENCFF000OKM,ENCFF000OKM,ChIP-seq,0,hg38,se
ENCFF856FXU,ENCFF856FXU,ChIP-seq,0,hg38,se
ENCFF000VCW,ENCFF000VCW,ChIP-seq,0,hg38,se
ENCFF000XXC,ENCFF000XXC,ChIP-seq,0,hg38,se
ENCFF126DDV,ENCFF126DDV,ChIP-seq,1,hg38,se
ENCFF888RXZ,ENCFF888RXZ,ChIP-seq,0,hg38,se
ENCFF812ISD,ENCFF812ISD,ChIP-seq,0,hg38,se
ENCFF481ENJ,ENCFF481ENJ,ChIP-seq,1,hg38,se
ENCFF000ZEK,ENCFF000ZEK,ChIP-seq,0,hg38,se
ENCFF000NBH,ENCFF000NBH,ChIP-seq,0,hg38,se
ENCFF000WPN,ENCFF000WPN,ChIP-seq,0,hg38,se
ENCFF563FFY,ENCFF563FFY,ChIP-seq,0,hg38,se
ENCFF489FQX,ENCFF489FQX,ChIP-seq,1,hg38,se
ENCFF000WYO,ENCFF000WYO,ChIP-seq,1,hg38,se
ENCFF000QQX,ENCFF000QQX,ChIP-seq,0,hg38,se
ENCFF000WZB,ENCFF000WZB,ChIP-seq,1,hg38,se
ENCFF389LQC,ENCFF389LQC,ChIP-seq,0,hg38,se
ENCFF769ICW,ENCFF769ICW,ChIP-seq,0,hg38,se
ENCFF002BFC,ENCFF002BFC,ChIP-seq,1,hg38,se
ENCFF000VPL,ENCFF000VPL,ChIP-seq,1,hg38,se
ENCFF000ZHJ,ENCFF000ZHJ,ChIP-seq,1,hg38,se
ENCFF342TZT,ENCFF342TZT,ChIP-seq,0,hg38,se
ENCFF000XHE,ENCFF000XHE,ChIP-seq,1,hg38,se
ENCFF000YMQ,ENCFF000YMQ,ChIP-seq,1,hg38,se
ENCFF000QUH,ENCFF000QUH,ChIP-seq,0,hg38,se
ENCFF000CRB,ENCFF000CRB,ChIP-seq,0,hg38,se
ENCFF001GDH,ENCFF001GDH,ChIP-seq,0,hg38,se
ENCFF109ECO,ENCFF109ECO,ChIP-seq,0,hg38,se
ENCFF000ONI,ENCFF000ONI,ChIP-seq,0,hg38,se
ENCFF350YIV,ENCFF350YIV,ChIP-seq,0,hg38,se
ENCFF000YLZ,ENCFF000YLZ,ChIP-seq,1,hg38,se
ENCFF001GCT,ENCFF001GCT,ChIP-seq,0,hg38,se
ENCFF000CRA,ENCFF000CRA,ChIP-seq,0,hg38,se
ENCFF407DCK,ENCFF407DCK,ChIP-seq,1,hg38,se
ENCFF000VPE,ENCFF000VPE,ChIP-seq,1,hg38,se
ENCFF000ZJA,ENCFF000ZJA,ChIP-seq,0,hg38,se
ENCFF000WTC,ENCFF000WTC,ChIP-seq,0,hg38,se
ENCFF000ZQP,ENCFF000ZQP,ChIP-seq,1,hg38,se
ENCFF000YTI,ENCFF000YTI,ChIP-seq,1,hg38,se
ENCFF295MWI,ENCFF295MWI,ChIP-seq,1,hg38,se
ENCFF000VVH,ENCFF000VVH,ChIP-seq,1,hg38,se
ENCFF695YKZ,ENCFF695YKZ,ChIP-seq,1,hg38,se
ENCFF001HON,ENCFF001HON,ChIP-seq,0,hg38,se
ENCFF000BVH,ENCFF000BVH,ChIP-seq,0,hg38,se
ENCFF000ZRO,ENCFF000ZRO,ChIP-seq,1,hg38,se
ENCFF298NKC,ENCFF298NKC,ChIP-seq,0,hg38,se
ENCFF213CYO,ENCFF213CYO,ChIP-seq,1,hg38,se
ENCFF000YVH,ENCFF000YVH,ChIP-seq,0,hg38,se
ENCFF000ZLN,ENCFF000ZLN,ChIP-seq,1,hg38,se
ENCFF002EBO,ENCFF002EBO,ChIP-seq,1,hg38,se
ENCFF000SAB,ENCFF000SAB,ChIP-seq,0,hg38,se
ENCFF118VNJ,ENCFF118VNJ,ChIP-seq,0,hg38,se
ENCFF000OGC,ENCFF000OGC,ChIP-seq,0,hg38,se
ENCFF000VTN,ENCFF000VTN,ChIP-seq,1,hg38,se
ENCFF000XUG,ENCFF000XUG,ChIP-seq,1,hg38,se
ENCFF000VCR,ENCFF000VCR,ChIP-seq,1,hg38,se
ENCFF000PYD,ENCFF000PYD,ChIP-seq,0,hg38,se
ENCFF000VFF,ENCFF000VFF,ChIP-seq,1,hg38,se
ENCFF000PWI,ENCFF000PWI,ChIP-seq,1,hg38,se
ENCFF797TCA,ENCFF797TCA,ChIP-seq,0,hg38,se
ENCFF000BKB,ENCFF000BKB,ChIP-seq,0,hg38,se
ENCFF223MPF,ENCFF223MPF,ChIP-seq,1,hg38,se
ENCFF000YEM,ENCFF000YEM,ChIP-seq,0,hg38,se
ENCFF000XQA,ENCFF000XQA,ChIP-seq,1,hg38,se
ENCFF900DXM,ENCFF900DXM,ChIP-seq,0,hg38,se
ENCFF000CST,ENCFF000CST,ChIP-seq,0,hg38,se
ENCFF183BQH,ENCFF183BQH,ChIP-seq,0,hg38,se
ENCFF000ZPY,ENCFF000ZPY,ChIP-seq,1,hg38,se
ENCFF000WYN,ENCFF000WYN,ChIP-seq,0,hg38,se
ENCFF000YIR,ENCFF000YIR,ChIP-seq,0,hg38,se
ENCFF000WAP,ENCFF000WAP,ChIP-seq,1,hg38,se
ENCFF095UOK,ENCFF095UOK,ChIP-seq,0,hg38,se
ENCFF300UZJ,ENCFF300UZJ,ChIP-seq,1,hg38,se
ENCFF000WRK,ENCFF000WRK,ChIP-seq,1,hg38,se
ENCFF000ZSE,ENCFF000ZSE,ChIP-seq,1,hg38,se
ENCFF000OWS,ENCFF000OWS,ChIP-seq,0,hg38,se
ENCFF002EDO,ENCFF002EDO,ChIP-seq,1,hg38,se
ENCFF000YFD,ENCFF000YFD,ChIP-seq,1,hg38,se
ENCFF000CPF,ENCFF000CPF,ChIP-seq,0,hg38,se
ENCFF000WQC,ENCFF000WQC,ChIP-seq,0,hg38,se
ENCFF000ZJX,ENCFF000ZJX,ChIP-seq,1,hg38,se
ENCFF002EBG,ENCFF002EBG,ChIP-seq,1,hg38,se
ENCFF000ZCS,ENCFF000ZCS,ChIP-seq,1,hg38,se
ENCFF001HKU,ENCFF001HKU,ChIP-seq,0,hg38,se
ENCFF002BBF,ENCFF002BBF,ChIP-seq,0,hg38,se
ENCFF000RKY,ENCFF000RKY,ChIP-seq,1,hg38,se
ENCFF567MSF,ENCFF567MSF,ChIP-seq,0,hg38,se
ENCFF001RUP,ENCFF001RUP,ChIP-seq,1,hg38,se
ENCFF001HUW,ENCFF001HUW,ChIP-seq,0,hg38,se
ENCFF522PUA,ENCFF522PUA,ChIP-seq,0,hg38,se
ENCFF000YCZ,ENCFF000YCZ,ChIP-seq,1,hg38,se
ENCFF002EEV,ENCFF002EEV,ChIP-seq,1,hg38,se
ENCFF001FEM,ENCFF001FEM,ChIP-seq,0,hg38,se
ENCFF000XOV,ENCFF000XOV,ChIP-seq,1,hg38,se
ENCFF000RYG,ENCFF000RYG,ChIP-seq,0,hg38,se
ENCFF101CQF,ENCFF101CQF,ChIP-seq,0,hg38,se
ENCFF000ZFN,ENCFF000ZFN,ChIP-seq,1,hg38,se
ENCFF000YNE,ENCFF000YNE,ChIP-seq,1,hg38,se
ENCFF000CLT,ENCFF000CLT,ChIP-seq,0,hg38,se
ENCFF000ZSP,ENCFF000ZSP,ChIP-seq,1,hg38,se
ENCFF002AZQ,ENCFF002AZQ,ChIP-seq,1,hg38,se
ENCFF000WEI,ENCFF000WEI,ChIP-seq,1,hg38,se
ENCFF002DHL,ENCFF002DHL,ChIP-seq,0,hg38,se
ENCFF000VCJ,ENCFF000VCJ,ChIP-seq,1,hg38,se
ENCFF000RIX,ENCFF000RIX,ChIP-seq,0,hg38,se
ENCFF611SVJ,ENCFF611SVJ,ChIP-seq,0,hg38,se
ENCFF000XHU,ENCFF000XHU,ChIP-seq,1,hg38,se
ENCFF175LIK,ENCFF175LIK,ChIP-seq,0,hg38,se
ENCFF000WRR,ENCFF000WRR,ChIP-seq,1,hg38,se
ENCFF754VFN,ENCFF754VFN,ChIP-seq,0,hg38,se
ENCFF000PEH,ENCFF000PEH,ChIP-seq,0,hg38,se
ENCFF423JMB,ENCFF423JMB,ChIP-seq,1,hg38,se
ENCFF064QXB,ENCFF064QXB,ChIP-seq,0,hg38,se
ENCFF001HNP,ENCFF001HNP,ChIP-seq,0,hg38,se
ENCFF002DZS,ENCFF002DZS,ChIP-seq,1,hg38,se
ENCFF000WQK,ENCFF000WQK,ChIP-seq,1,hg38,se
ENCFF002EBT,ENCFF002EBT,ChIP-seq,1,hg38,se
ENCFF001HXB,ENCFF001HXB,ChIP-seq,0,hg38,se
ENCFF595BTS,ENCFF595BTS,ChIP-seq,0,hg38,se
ENCFF000BTN,ENCFF000BTN,ChIP-seq,0,hg38,se
ENCFF000ZGD,ENCFF000ZGD,ChIP-seq,1,hg38,se
ENCFF000WWM,ENCFF000WWM,ChIP-seq,0,hg38,se
ENCFF000XEW,ENCFF000XEW,ChIP-seq,1,hg38,se
ENCFF001HHL,ENCFF001HHL,ChIP-seq,0,hg38,se
ENCFF000VPJ,ENCFF000VPJ,ChIP-seq,1,hg38,se
ENCFF996HGW,ENCFF996HGW,ChIP-seq,1,hg38,se
ENCFF000WHC,ENCFF000WHC,ChIP-seq,1,hg38,se
ENCFF308HCL,ENCFF308HCL,ChIP-seq,0,hg38,se
ENCFF000VUK,ENCFF000VUK,ChIP-seq,1,hg38,se
ENCFF000CUA,ENCFF000CUA,ChIP-seq,0,hg38,se
ENCFF000ZCJ,ENCFF000ZCJ,ChIP-seq,1,hg38,se
ENCFF000QBT,ENCFF000QBT,ChIP-seq,1,hg38,se
ENCFF000SBP,ENCFF000SBP,ChIP-seq,0,hg38,se
ENCFF000PRJ,ENCFF000PRJ,ChIP-seq,0,hg38,se
ENCFF000BDH,ENCFF000BDH,ChIP-seq,0,hg38,se
ENCFF000BDX,ENCFF000BDX,ChIP-seq,1,hg38,se
ENCFF002EVT,ENCFF002EVT,ChIP-seq,0,hg38,se
ENCFF000YCE,ENCFF000YCE,ChIP-seq,1,hg38,se
ENCFF001FNC,ENCFF001FNC,ChIP-seq,0,hg38,se
ENCFF000YEN,ENCFF000YEN,ChIP-seq,1,hg38,se
ENCFF687CSH,ENCFF687CSH,ChIP-seq,1,hg38,se
ENCFF971GOU,ENCFF971GOU,ChIP-seq,1,hg38,se
ENCFF000ZPB,ENCFF000ZPB,ChIP-seq,1,hg38,se
ENCFF000VWH,ENCFF000VWH,ChIP-seq,0,hg38,se
ENCFF651VMP,ENCFF651VMP,ChIP-seq,0,hg38,se
ENCFF066MNO,ENCFF066MNO,ChIP-seq,0,hg38,se
ENCFF845SVA,ENCFF845SVA,ChIP-seq,1,hg38,se
ENCFF000YXF,ENCFF000YXF,ChIP-seq,1,hg38,se
ENCFF000ZHD,ENCFF000ZHD,ChIP-seq,1,hg38,se
ENCFF000PFR,ENCFF000PFR,ChIP-seq,0,hg38,se
ENCFF000WUD,ENCFF000WUD,ChIP-seq,1,hg38,se
ENCFF000YLR,ENCFF000YLR,ChIP-seq,1,hg38,se
ENCFF030MWT,ENCFF030MWT,ChIP-seq,0,hg38,se
ENCFF000VQR,ENCFF000VQR,ChIP-seq,1,hg38,se
ENCFF001FRB,ENCFF001FRB,ChIP-seq,0,hg38,se
ENCFF000CVM,ENCFF000CVM,ChIP-seq,0,hg38,se
ENCFF000YLI,ENCFF000YLI,ChIP-seq,1,hg38,se
ENCFF002BBI,ENCFF002BBI,ChIP-seq,0,hg38,se
ENCFF604AHS,ENCFF604AHS,ChIP-seq,0,hg38,se
ENCFF000XSE,ENCFF000XSE,ChIP-seq,0,hg38,se
ENCFF000ZKJ,ENCFF000ZKJ,ChIP-seq,0,hg38,se
ENCFF000YUM,ENCFF000YUM,ChIP-seq,0,hg38,se
ENCFF526TGW,ENCFF526TGW,ChIP-seq,0,hg38,se
ENCFF001FLG,ENCFF001FLG,ChIP-seq,0,hg38,se
ENCFF001HVQ,ENCFF001HVQ,ChIP-seq,0,hg38,se
ENCFF000NJE,ENCFF000NJE,ChIP-seq,0,hg38,se
ENCFF000PXK,ENCFF000PXK,ChIP-seq,1,hg38,se
ENCFF001FPN,ENCFF001FPN,ChIP-seq,0,hg38,se
ENCFF000VGH,ENCFF000VGH,ChIP-seq,1,hg38,se
ENCFF000NJM,ENCFF000NJM,ChIP-seq,0,hg38,se
ENCFF002AVH,ENCFF002AVH,ChIP-seq,0,hg38,se
ENCFF000WWS,ENCFF000WWS,ChIP-seq,0,hg38,se
ENCFF000BLB,ENCFF000BLB,ChIP-seq,0,hg38,se
ENCFF482RON,ENCFF482RON,ChIP-seq,0,hg38,se
ENCFF000NUL,ENCFF000NUL,ChIP-seq,0,hg38,se
ENCFF000WLN,ENCFF000WLN,ChIP-seq,1,hg38,se
ENCFF002EDR,ENCFF002EDR,ChIP-seq,1,hg38,se
ENCFF000AZF,ENCFF000AZF,ChIP-seq,1,hg38,se
ENCFF766EXC,ENCFF766EXC,ChIP-seq,1,hg38,se
ENCFF002ATN,ENCFF002ATN,ChIP-seq,1,hg38,se
ENCFF000YDQ,ENCFF000YDQ,ChIP-seq,1,hg38,se
ENCFF021CAX,ENCFF021CAX,ChIP-seq,1,hg38,se
ENCFF002EBA,ENCFF002EBA,ChIP-seq,1,hg38,se
ENCFF000YIQ,ENCFF000YIQ,ChIP-seq,1,hg38,se
ENCFF002AWB,ENCFF002AWB,ChIP-seq,1,hg38,se
ENCFF000ZEB,ENCFF000ZEB,ChIP-seq,1,hg38,se
ENCFF000BIL,ENCFF000BIL,ChIP-seq,0,hg38,se
ENCFF000OHX,ENCFF000OHX,ChIP-seq,0,hg38,se
ENCFF000WVF,ENCFF000WVF,ChIP-seq,1,hg38,se
ENCFF002EDX,ENCFF002EDX,ChIP-seq,1,hg38,se
ENCFF000ZGJ,ENCFF000ZGJ,ChIP-seq,1,hg38,se
ENCFF000ZEV,ENCFF000ZEV,ChIP-seq,1,hg38,se
ENCFF117NUS,ENCFF117NUS,ChIP-seq,1,hg38,se
ENCFF878CMP,ENCFF878CMP,ChIP-seq,0,hg38,se
ENCFF126VIC,ENCFF126VIC,ChIP-seq,1,hg38,se
ENCFF000XDR,ENCFF000XDR,ChIP-seq,0,hg38,se
ENCFF000ZPA,ENCFF000ZPA,ChIP-seq,0,hg38,se
ENCFF000PDT,ENCFF000PDT,ChIP-seq,0,hg38,se
ENCFF000YCT,ENCFF000YCT,ChIP-seq,1,hg38,se
ENCFF000WAD,ENCFF000WAD,ChIP-seq,1,hg38,se
ENCFF002ACY,ENCFF002ACY,ChIP-seq,0,hg38,se
ENCFF000YZH,ENCFF000YZH,ChIP-seq,0,hg38,se
ENCFF001GXI,ENCFF001GXI,ChIP-seq,0,hg38,se
ENCFF000XDX,ENCFF000XDX,ChIP-seq,0,hg38,se
ENCFF000CSM,ENCFF000CSM,ChIP-seq,0,hg38,se
ENCFF000ZCN,ENCFF000ZCN,ChIP-seq,0,hg38,se
ENCFF355DMM,ENCFF355DMM,ChIP-seq,0,hg38,se
ENCFF397AXG,ENCFF087LWV,ChIP-seq,1,hg38,se
ENCFF000BDA,ENCFF000BDA,ChIP-seq,0,hg38,se
ENCFF000CRH,ENCFF000CRH,ChIP-seq,0,hg38,se
ENCFF533MII,ENCFF533MII,ChIP-seq,1,hg38,se
ENCFF000XAA,ENCFF000XAA,ChIP-seq,0,hg38,se
ENCFF255HDL,ENCFF255HDL,ChIP-seq,0,hg38,se
ENCFF000BSY,ENCFF000BSY,ChIP-seq,0,hg38,se
ENCFF000XBX,ENCFF000XBX,ChIP-seq,1,hg38,se
ENCFF000ZIY,ENCFF000ZIY,ChIP-seq,0,hg38,se
ENCFF975UNN,ENCFF975UNN,ChIP-seq,1,hg38,se
ENCFF000BIY,ENCFF000BIY,ChIP-seq,0,hg38,se
ENCFF000VRZ,ENCFF000VRZ,ChIP-seq,1,hg38,se
ENCFF000ZET,ENCFF000ZET,ChIP-seq,1,hg38,se
ENCFF000YFQ,ENCFF000YFQ,ChIP-seq,1,hg38,se
ENCFF000ZHP,ENCFF000ZHP,ChIP-seq,1,hg38,se
ENCFF000XBZ,ENCFF000XBZ,ChIP-seq,1,hg38,se
ENCFF698KPI,ENCFF698KPI,ChIP-seq,1,hg38,se
ENCFF000VXZ,ENCFF000VXZ,ChIP-seq,1,hg38,se
ENCFF000CFA,ENCFF000CFA,ChIP-seq,0,hg38,se
ENCFF984DIG,ENCFF984DIG,ChIP-seq,1,hg38,se
ENCFF002EDV,ENCFF002EDV,ChIP-seq,1,hg38,se
ENCFF000PZY,ENCFF000PZY,ChIP-seq,0,hg38,se
ENCFF000WIK,ENCFF000WIK,ChIP-seq,1,hg38,se
ENCFF000ZIJ,ENCFF000ZIJ,ChIP-seq,0,hg38,se
ENCFF049QNI,ENCFF049QNI,ChIP-seq,0,hg38,se
ENCFF000VQO,ENCFF000VQO,ChIP-seq,0,hg38,se
ENCFF061JXC,ENCFF061JXC,ChIP-seq,0,hg38,se
ENCFF000VYB,ENCFF000VYB,ChIP-seq,1,hg38,se
ENCFF000XEY,ENCFF000XEY,ChIP-seq,1,hg38,se
ENCFF000VOV,ENCFF000VOV,ChIP-seq,1,hg38,se
ENCFF000YRT,ENCFF000YRT,ChIP-seq,1,hg38,se
ENCFF000YJM,ENCFF000YJM,ChIP-seq,1,hg38,se
ENCFF954GUR,ENCFF954GUR,ChIP-seq,1,hg38,se
ENCFF000BHX,ENCFF000BHX,ChIP-seq,0,hg38,se
ENCFF000BHE,ENCFF000BHE,ChIP-seq,0,hg38,se
ENCFF708OIN,ENCFF708OIN,ChIP-seq,0,hg38,se
ENCFF002BFB,ENCFF002BFB,ChIP-seq,1,hg38,se
ENCFF000XME,ENCFF000XME,ChIP-seq,1,hg38,se
ENCFF000BTL,ENCFF000BTL,ChIP-seq,0,hg38,se
ENCFF000ZMX,ENCFF000ZMX,ChIP-seq,0,hg38,se
ENCFF002BAJ,ENCFF002BAJ,ChIP-seq,0,hg38,se
ENCFF002DZO,ENCFF002DZO,ChIP-seq,1,hg38,se
ENCFF000BWE,ENCFF000BWE,ChIP-seq,0,hg38,se
ENCFF854DIL,ENCFF854DIL,ChIP-seq,1,hg38,se
ENCFF000YEQ,ENCFF000YEQ,ChIP-seq,1,hg38,se
ENCFF000BBY,ENCFF000BBY,ChIP-seq,0,hg38,se
ENCFF021VWZ,ENCFF021VWZ,ChIP-seq,0,hg38,se
ENCFF000QSI,ENCFF000QSI,ChIP-seq,0,hg38,se
ENCFF000YZS,ENCFF000YZS,ChIP-seq,0,hg38,se
ENCFF245KJA,ENCFF245KJA,ChIP-seq,0,hg38,se
ENCFF317LUD,ENCFF317LUD,ChIP-seq,0,hg38,se
ENCFF088SMS,ENCFF088SMS,ChIP-seq,1,hg38,se
ENCFF177FBU,ENCFF177FBU,ChIP-seq,0,hg38,se
ENCFF000VQC,ENCFF000VQC,ChIP-seq,1,hg38,se
ENCFF000PYJ,ENCFF000PYJ,ChIP-seq,0,hg38,se
ENCFF000ZID,ENCFF000ZID,ChIP-seq,0,hg38,se
ENCFF000CWJ,ENCFF000CWJ,ChIP-seq,0,hg38,se
ENCFF000RGV,ENCFF000RGV,ChIP-seq,0,hg38,se
ENCFF000CDR,ENCFF000CDR,ChIP-seq,0,hg38,se
ENCFF000ZHZ,ENCFF000ZHZ,ChIP-seq,0,hg38,se
ENCFF000YRI,ENCFF000YRI,ChIP-seq,1,hg38,se
ENCFF000PSD,ENCFF000PSD,ChIP-seq,0,hg38,se
ENCFF000YCQ,ENCFF000YCQ,ChIP-seq,0,hg38,se
ENCFF000VYU,ENCFF000VYU,ChIP-seq,1,hg38,se
ENCFF000WMZ,ENCFF000WMZ,ChIP-seq,1,hg38,se
ENCFF000WSG,ENCFF000WSG,ChIP-seq,1,hg38,se
ENCFF000PGQ,ENCFF000PGQ,ChIP-seq,1,hg38,se
ENCFF000BDY,ENCFF000BDY,ChIP-seq,1,hg38,se
ENCFF404QLW,ENCFF404QLW,ChIP-seq,0,hg38,se
ENCFF000RKQ,ENCFF000RKQ,ChIP-seq,1,hg38,se
ENCFF000RTX,ENCFF000RTX,ChIP-seq,0,hg38,se
ENCFF000BUT,ENCFF000BUT,ChIP-seq,0,hg38,se
ENCFF402OWG,ENCFF402OWG,ChIP-seq,0,hg38,se
ENCFF000CVB,ENCFF000CVB,ChIP-seq,0,hg38,se
ENCFF000CAZ,ENCFF000CAZ,ChIP-seq,1,hg38,se
ENCFF000NAQ,ENCFF000NAQ,ChIP-seq,0,hg38,se
ENCFF897QKD,ENCFF897QKD,ChIP-seq,0,hg38,se
ENCFF708SMC,ENCFF708SMC,ChIP-seq,1,hg38,se
ENCFF000YHP,ENCFF000YHP,ChIP-seq,1,hg38,se
ENCFF304MPX,ENCFF304MPX,ChIP-seq,1,hg38,se
ENCFF001HWY,ENCFF001HWY,ChIP-seq,0,hg38,se
ENCFF002AXM,ENCFF002AXM,ChIP-seq,1,hg38,se
ENCFF000BLN,ENCFF000BLN,ChIP-seq,0,hg38,se
ENCFF877SXD,ENCFF877SXD,ChIP-seq,0,hg38,se
ENCFF000VCL,ENCFF000VCL,ChIP-seq,1,hg38,se
ENCFF491HHW,ENCFF491HHW,ChIP-seq,0,hg38,se
ENCFF000PVK,ENCFF000PVK,ChIP-seq,0,hg38,se
ENCFF000WTR,ENCFF000WTR,ChIP-seq,1,hg38,se
ENCFF000BXG,ENCFF000BXG,ChIP-seq,0,hg38,se
ENCFF000WZC,ENCFF000WZC,ChIP-seq,0,hg38,se
ENCFF000PUS,ENCFF000PUS,ChIP-seq,0,hg38,se
ENCFF026IQT,ENCFF026IQT,ChIP-seq,1,hg38,se
ENCFF570JXV,ENCFF570JXV,ChIP-seq,0,hg38,se
ENCFF002EBY,ENCFF002EBY,ChIP-seq,1,hg38,se
ENCFF000XYY,ENCFF000XYY,ChIP-seq,1,hg38,se
ENCFF000ZKB,ENCFF000ZKB,ChIP-seq,1,hg38,se
ENCFF000CWF,ENCFF000CWF,ChIP-seq,0,hg38,se
ENCFF000ZGS,ENCFF000ZGS,ChIP-seq,1,hg38,se
ENCFF693KOP,ENCFF693KOP,ChIP-seq,1,hg38,se
ENCFF000VQZ,ENCFF000VQZ,ChIP-seq,1,hg38,se
ENCFF147CMT,ENCFF147CMT,ChIP-seq,0,hg38,se
ENCFF000ZHR,ENCFF000ZHR,ChIP-seq,1,hg38,se
ENCFF635NMQ,ENCFF635NMQ,ChIP-seq,1,hg38,se
ENCFF000OOO,ENCFF000OOO,ChIP-seq,0,hg38,se
ENCFF000ZSM,ENCFF000ZSM,ChIP-seq,1,hg38,se
ENCFF539YAN,ENCFF539YAN,ChIP-seq,0,hg38,se
ENCFF000WPA,ENCFF000WPA,ChIP-seq,1,hg38,se
ENCFF002EDI,ENCFF002EDI,ChIP-seq,1,hg38,se
ENCFF423PGB,ENCFF423PGB,ChIP-seq,1,hg38,se
ENCFF000OJU,ENCFF000OJU,ChIP-seq,0,hg38,se
ENCFF000ZAZ,ENCFF000ZAZ,ChIP-seq,1,hg38,se
ENCFF001YXJ,ENCFF001YXJ,ChIP-seq,0,hg38,se
ENCFF000VOM,ENCFF000VOM,ChIP-seq,1,hg38,se
ENCFF404YUQ,ENCFF404YUQ,ChIP-seq,1,hg38,se
ENCFF000QBQ,ENCFF000QBQ,ChIP-seq,1,hg38,se
ENCFF000YTT,ENCFF000YTT,ChIP-seq,1,hg38,se
ENCFF548BVW,ENCFF548BVW,ChIP-seq,0,hg38,se
ENCFF495VBF,ENCFF495VBF,ChIP-seq,1,hg38,se
ENCFF000ZJZ,ENCFF000ZJZ,ChIP-seq,1,hg38,se
ENCFF001HMV,ENCFF001HMV,ChIP-seq,0,hg38,se
ENCFF000VSP,ENCFF000VSP,ChIP-seq,0,hg38,se
ENCFF002BBC,ENCFF002BBC,ChIP-seq,0,hg38,se
ENCFF000VTX,ENCFF000VTX,ChIP-seq,1,hg38,se
ENCFF000WTP,ENCFF000WTP,ChIP-seq,1,hg38,se
ENCFF030SMI,ENCFF030SMI,ChIP-seq,1,hg38,se
ENCFF445TRI,ENCFF445TRI,ChIP-seq,1,hg38,se
ENCFF582CNG,ENCFF582CNG,ChIP-seq,1,hg38,se
ENCFF000BJE,ENCFF000BJE,ChIP-seq,0,hg38,se
ENCFF000YSR,ENCFF000YSR,ChIP-seq,1,hg38,se
ENCFF643EHE,ENCFF643EHE,ChIP-seq,0,hg38,se
ENCFF000ZIH,ENCFF000ZIH,ChIP-seq,0,hg38,se
ENCFF002EEU,ENCFF002EEU,ChIP-seq,1,hg38,se
ENCFF000RMO,ENCFF000RMO,ChIP-seq,0,hg38,se
ENCFF000VYW,ENCFF000VYW,ChIP-seq,1,hg38,se
ENCFF286QYQ,ENCFF286QYQ,ChIP-seq,0,hg38,se
ENCFF688BTY,ENCFF688BTY,ChIP-seq,0,hg38,se
ENCFF000QJK,ENCFF000QJK,ChIP-seq,0,hg38,se
ENCFF000VCY,ENCFF000VCY,ChIP-seq,0,hg38,se
ENCFF000WQN,ENCFF000WQN,ChIP-seq,1,hg38,se
ENCFF566XFA,ENCFF566XFA,ChIP-seq,0,hg38,se
ENCFF189ONT,ENCFF189ONT,ChIP-seq,1,hg38,se
ENCFF000WZT,ENCFF000WZT,ChIP-seq,0,hg38,se
ENCFF001GHA,ENCFF001GHA,ChIP-seq,0,hg38,se
ENCFF903TVN,ENCFF903TVN,ChIP-seq,1,hg38,se
ENCFF002DZQ,ENCFF002DZQ,ChIP-seq,1,hg38,se
ENCFF001GAV,ENCFF001GAV,ChIP-seq,0,hg38,se
ENCFF472ADY,ENCFF472ADY,ChIP-seq,0,hg38,se
ENCFF000VJK,ENCFF000VJK,ChIP-seq,0,hg38,se
ENCFF000YLD,ENCFF000YLD,ChIP-seq,1,hg38,se
ENCFF000BTD,ENCFF000BTD,ChIP-seq,0,hg38,se
ENCFF575ACN,ENCFF575ACN,ChIP-seq,1,hg38,se
ENCFF001FHC,ENCFF001FHC,ChIP-seq,0,hg38,se
ENCFF000XIN,ENCFF000XIN,ChIP-seq,1,hg38,se
ENCFF002DZP,ENCFF002DZP,ChIP-seq,1,hg38,se
ENCFF946YUW,ENCFF946YUW,ChIP-seq,0,hg38,se
ENCFF000WSS,ENCFF000WSS,ChIP-seq,0,hg38,se
ENCFF000BLJ,ENCFF000BLJ,ChIP-seq,0,hg38,se
ENCFF000XNY,ENCFF000XNY,ChIP-seq,1,hg38,se
ENCFF812DUE,ENCFF812DUE,ChIP-seq,1,hg38,se
ENCFF000QIS,ENCFF000QIS,ChIP-seq,0,hg38,se
ENCFF000VQA,ENCFF000VQA,ChIP-seq,1,hg38,se
ENCFF511LFT,ENCFF511LFT,ChIP-seq,1,hg38,se
ENCFF000CQO,ENCFF000CQO,ChIP-seq,0,hg38,se
ENCFF000WQU,ENCFF000WQU,ChIP-seq,1,hg38,se
ENCFF000BIF,ENCFF000BIF,ChIP-seq,0,hg38,se
ENCFF553FFA,ENCFF553FFA,ChIP-seq,1,hg38,se
ENCFF000YSC,ENCFF000YSC,ChIP-seq,0,hg38,se
ENCFF000PJQ,ENCFF000PJQ,ChIP-seq,1,hg38,se
ENCFF000ZIF,ENCFF000ZIF,ChIP-seq,0,hg38,se
ENCFF001QWZ,ENCFF001QWZ,ChIP-seq,1,hg38,se
ENCFF000VXB,ENCFF000VXB,ChIP-seq,1,hg38,se
ENCFF000WSE,ENCFF000WSE,ChIP-seq,1,hg38,se
ENCFF000VCX,ENCFF000VCX,ChIP-seq,1,hg38,se
ENCFF000VQL,ENCFF000VQL,ChIP-seq,1,hg38,se
ENCFF000BPW,ENCFF000BPW,ChIP-seq,0,hg38,se
ENCFF000ZQW,ENCFF000ZQW,ChIP-seq,1,hg38,se
ENCFF000VQQ,ENCFF000VQQ,ChIP-seq,0,hg38,se
ENCFF000BGD,ENCFF000BGD,ChIP-seq,0,hg38,se
ENCFF000ZCL,ENCFF000ZCL,ChIP-seq,1,hg38,se
ENCFF000ZSG,ENCFF000ZSG,ChIP-seq,1,hg38,se
ENCFF000VSW,ENCFF000VSW,ChIP-seq,1,hg38,se
ENCFF000YGF,ENCFF000YGF,ChIP-seq,0,hg38,se
ENCFF000XXB,ENCFF000XXB,ChIP-seq,0,hg38,se
ENCFF502TLC,ENCFF502TLC,ChIP-seq,1,hg38,se
ENCFF640MKX,ENCFF640MKX,ChIP-seq,0,hg38,se
ENCFF991QCC,ENCFF991QCC,ChIP-seq,0,hg38,se
ENCFF000YLX,ENCFF000YLX,ChIP-seq,1,hg38,se
ENCFF094LXX,ENCFF094LXX,ChIP-seq,0,hg38,se
ENCFF001HXF,ENCFF001HXF,ChIP-seq,0,hg38,se
ENCFF000ZHB,ENCFF000ZHB,ChIP-seq,1,hg38,se
ENCFF898QGO,ENCFF898QGO,ChIP-seq,0,hg38,se
ENCFF000BEQ,ENCFF000BEQ,ChIP-seq,0,hg38,se
ENCFF000YCY,ENCFF000YCY,ChIP-seq,0,hg38,se
ENCFF000RZL,ENCFF000RZL,ChIP-seq,0,hg38,se
ENCFF688OXR,ENCFF688OXR,ChIP-seq,0,hg38,se
ENCFF000ZMN,ENCFF000ZMN,ChIP-seq,0,hg38,se
ENCFF000PEQ,ENCFF000PEQ,ChIP-seq,0,hg38,se
ENCFF000XNW,ENCFF000XNW,ChIP-seq,1,hg38,se
ENCFF830CRU,ENCFF830CRU,ChIP-seq,0,hg38,se
ENCFF609HGB,ENCFF609HGB,ChIP-seq,1,hg38,se
ENCFF002EER,ENCFF002EER,ChIP-seq,1,hg38,se
ENCFF278KSX,ENCFF278KSX,ChIP-seq,1,hg38,se
ENCFF000ZED,ENCFF000ZED,ChIP-seq,1,hg38,se
ENCFF000ZCO,ENCFF000ZCO,ChIP-seq,0,hg38,se
ENCFF770YAZ,ENCFF770YAZ,ChIP-seq,0,hg38,se
ENCFF000WAW,ENCFF000WAW,ChIP-seq,1,hg38,se
ENCFF000QAV,ENCFF000QAV,ChIP-seq,0,hg38,se
ENCFF041PAU,ENCFF041PAU,ChIP-seq,0,hg38,se
ENCFF224IEM,ENCFF224IEM,ChIP-seq,1,hg38,se
ENCFF528SMK,ENCFF528SMK,ChIP-seq,1,hg38,se
ENCFF000YAT,ENCFF000YAT,ChIP-seq,0,hg38,se
ENCFF000OJO,ENCFF000OJO,ChIP-seq,0,hg38,se
ENCFF000YTG,ENCFF000YTG,ChIP-seq,1,hg38,se
ENCFF000BMF,ENCFF000BMF,ChIP-seq,0,hg38,se
ENCFF000ZJS,ENCFF000ZJS,ChIP-seq,1,hg38,se
ENCFF723UTH,ENCFF723UTH,ChIP-seq,0,hg38,se
ENCFF000YYF,ENCFF000YYF,ChIP-seq,0,hg38,se
ENCFF000RSR,ENCFF000RSR,ChIP-seq,0,hg38,se
ENCFF000WUF,ENCFF000WUF,ChIP-seq,1,hg38,se
ENCFF249VYU,ENCFF249VYU,ChIP-seq,1,hg38,se
ENCFF991TGR,ENCFF991TGR,ChIP-seq,0,hg38,se
ENCFF000ZQZ,ENCFF000ZQZ,ChIP-seq,1,hg38,se
ENCFF001YXI,ENCFF001YXI,ChIP-seq,0,hg38,se
ENCFF837CJW,ENCFF837CJW,ChIP-seq,0,hg38,se
ENCFF000YEU,ENCFF000YEU,ChIP-seq,0,hg38,se
ENCFF000VPI,ENCFF000VPI,ChIP-seq,0,hg38,se
ENCFF000VGY,ENCFF000VGY,ChIP-seq,1,hg38,se
ENCFF001FLT,ENCFF001FLT,ChIP-seq,0,hg38,se
ENCFF781PYA,ENCFF781PYA,ChIP-seq,1,hg38,se
ENCFF101KOG,ENCFF101KOG,ChIP-seq,0,hg38,se
ENCFF240REY,ENCFF240REY,ChIP-seq,1,hg38,se
ENCFF000YLP,ENCFF000YLP,ChIP-seq,1,hg38,se
ENCFF000XQX,ENCFF000XQX,ChIP-seq,1,hg38,se
ENCFF000XOT,ENCFF000XOT,ChIP-seq,1,hg38,se
ENCFF000RQK,ENCFF000RQK,ChIP-seq,0,hg38,se
ENCFF000YSF,ENCFF000YSF,ChIP-seq,1,hg38,se
ENCFF890NEW,ENCFF890NEW,ChIP-seq,0,hg38,se
ENCFF000QKR,ENCFF000QKR,ChIP-seq,0,hg38,se
ENCFF000YBU,ENCFF000YBU,ChIP-seq,0,hg38,se
ENCFF001HJV,ENCFF001HJV,ChIP-seq,0,hg38,se
ENCFF000VCZ,ENCFF000VCZ,ChIP-seq,1,hg38,se
ENCFF000NGF,ENCFF000NGF,ChIP-seq,1,hg38,se
ENCFF000OMW,ENCFF000OMW,ChIP-seq,0,hg38,se
ENCFF000VCT,ENCFF000VCT,ChIP-seq,1,hg38,se
ENCFF001HIR,ENCFF001HIR,ChIP-seq,0,hg38,se
ENCFF000NCL,ENCFF000NCL,ChIP-seq,0,hg38,se
ENCFF000ZLX,ENCFF000ZLX,ChIP-seq,1,hg38,se
ENCFF000ZCU,ENCFF000ZCU,ChIP-seq,1,hg38,se
ENCFF000OIJ,ENCFF000OIJ,ChIP-seq,0,hg38,se
ENCFF000YLC,ENCFF000YLC,ChIP-seq,0,hg38,se
ENCFF000VQP,ENCFF000VQP,ChIP-seq,1,hg38,se
ENCFF001FSU,ENCFF001FSU,ChIP-seq,0,hg38,se
ENCFF000OLW,ENCFF000OLW,ChIP-seq,0,hg38,se
ENCFF112MCC,ENCFF112MCC,ChIP-seq,1,hg38,se
ENCFF000ZKK,ENCFF000ZKK,ChIP-seq,1,hg38,se
ENCFF001FSF,ENCFF001FSF,ChIP-seq,0,hg38,se
ENCFF021QDQ,ENCFF021QDQ,ChIP-seq,1,hg38,se
ENCFF792XQD,ENCFF792XQD,ChIP-seq,1,hg38,se
ENCFF598YFV,ENCFF598YFV,ChIP-seq,0,hg38,se
ENCFF000PDJ,ENCFF000PDJ,ChIP-seq,0,hg38,se
ENCFF801PXD,ENCFF801PXD,ChIP-seq,0,hg38,se
ENCFF872FEL,ENCFF872FEL,ChIP-seq,1,hg38,se
ENCFF000ZGL,ENCFF000ZGL,ChIP-seq,1,hg38,se
ENCFF000VPV,ENCFF000VPV,ChIP-seq,1,hg38,se
ENCFF603DEK,ENCFF603DEK,ChIP-seq,1,hg38,se
ENCFF000ZOW,ENCFF000ZOW,ChIP-seq,1,hg38,se
ENCFF000VPG,ENCFF000VPG,ChIP-seq,1,hg38,se
ENCFF000VPK,ENCFF000VPK,ChIP-seq,0,hg38,se
ENCFF002EAZ,ENCFF002EAZ,ChIP-seq,1,hg38,se
ENCFF983OSM,ENCFF983OSM,ChIP-seq,0,hg38,se
ENCFF002AWZ,ENCFF002AWZ,ChIP-seq,1,hg38,se
ENCFF000BKI,ENCFF000BKI,ChIP-seq,0,hg38,se
ENCFF000RTH,ENCFF000RTH,ChIP-seq,0,hg38,se
ENCFF001FSO,ENCFF001FSO,ChIP-seq,0,hg38,se
ENCFF000XII,ENCFF000XII,ChIP-seq,0,hg38,se
ENCFF000XUZ,ENCFF000XUZ,ChIP-seq,1,hg38,se
ENCFF318ZNB,ENCFF318ZNB,ChIP-seq,0,hg38,se
ENCFF521SIZ,ENCFF521SIZ,ChIP-seq,0,hg38,se
ENCFF728BZD,ENCFF728BZD,ChIP-seq,0,hg38,se
ENCFF151OWC,ENCFF151OWC,ChIP-seq,1,hg38,se
ENCFF786FEY,ENCFF786FEY,ChIP-seq,1,hg38,se
ENCFF000VYP,ENCFF000VYP,ChIP-seq,1,hg38,se
ENCFF000VQW,ENCFF000VQW,ChIP-seq,0,hg38,se
ENCFF000PQL,ENCFF000PQL,ChIP-seq,0,hg38,se
ENCFF000ZKL,ENCFF000ZKL,ChIP-seq,0,hg38,se
ENCFF000XBK,ENCFF000XBK,ChIP-seq,0,hg38,se
ENCFF370NAO,ENCFF370NAO,ChIP-seq,1,hg38,se
ENCFF000VGU,ENCFF000VGU,ChIP-seq,1,hg38,se
ENCFF746RWX,ENCFF746RWX,ChIP-seq,0,hg38,se
ENCFF000ZLU,ENCFF000ZLU,ChIP-seq,1,hg38,se
ENCFF002BAA,ENCFF002BAA,ChIP-seq,0,hg38,se
ENCFF000ZOU,ENCFF000ZOU,ChIP-seq,1,hg38,se
ENCFF000VOX,ENCFF000VOX,ChIP-seq,1,hg38,se
ENCFF000ZFU,ENCFF000ZFU,ChIP-seq,1,hg38,se
ENCFF000YSE,ENCFF000YSE,ChIP-seq,0,hg38,se
ENCFF000WRD,ENCFF000WRD,ChIP-seq,0,hg38,se
ENCFF001FTM,ENCFF001FTM,ChIP-seq,0,hg38,se
ENCFF000YEH,ENCFF000YEH,ChIP-seq,1,hg38,se
ENCFF000ZKG,ENCFF000ZJY,ChIP-seq,1,hg38,se
ENCFF967SYP,ENCFF967SYP,ChIP-seq,1,hg38,se
ENCFF000BMX,ENCFF000BMX,ChIP-seq,0,hg38,se
ENCFF000CFB,ENCFF000CFB,ChIP-seq,0,hg38,se
ENCFF000ZHH,ENCFF000ZHH,ChIP-seq,1,hg38,se
ENCFF000CWD,ENCFF000CWD,ChIP-seq,0,hg38,se
ENCFF001HWL,ENCFF001HWL,ChIP-seq,0,hg38,se
ENCFF000XIW,ENCFF000XIW,ChIP-seq,1,hg38,se
ENCFF001FXH,ENCFF001FXH,ChIP-seq,0,hg38,se
ENCFF002AWN,ENCFF002AWN,ChIP-seq,0,hg38,se
ENCFF843ACU,ENCFF843ACU,ChIP-seq,0,hg38,se
ENCFF000YEB,ENCFF000YEB,ChIP-seq,1,hg38,se
ENCFF390DXB,ENCFF390DXB,ChIP-seq,0,hg38,se
ENCFF354VZR,ENCFF354VZR,ChIP-seq,0,hg38,se
ENCFF000ZKX,ENCFF000ZKX,ChIP-seq,0,hg38,se
ENCFF000XNQ,ENCFF000XNQ,ChIP-seq,1,hg38,se
ENCFF731PMZ,ENCFF731PMZ,ChIP-seq,1,hg38,se
ENCFF613OTS,ENCFF613OTS,ChIP-seq,1,hg38,se
ENCFF000XMO,ENCFF000XMO,ChIP-seq,1,hg38,se
ENCFF071AON,ENCFF071AON,ChIP-seq,1,hg38,se
ENCFF000BLI,ENCFF000BLI,ChIP-seq,0,hg38,se
ENCFF000VKC,ENCFF000VKC,ChIP-seq,0,hg38,se
ENCFF002AXB,ENCFF002AXB,ChIP-seq,1,hg38,se
ENCFF001HUM,ENCFF001HUM,ChIP-seq,0,hg38,se
ENCFF000ZQJ,ENCFF000ZQJ,ChIP-seq,1,hg38,se
ENCFF240MSC,ENCFF240MSC,ChIP-seq,1,hg38,se
ENCFF000VJF,ENCFF000VJF,ChIP-seq,1,hg38,se
ENCFF001HJW,ENCFF001HJW,ChIP-seq,0,hg38,se
ENCFF000WVH,ENCFF000WVH,ChIP-seq,1,hg38,se
ENCFF001GWK,ENCFF001GWK,ChIP-seq,0,hg38,se
ENCFF515JGH,ENCFF515JGH,ChIP-seq,0,hg38,se
ENCFF000XNO,ENCFF000XNO,ChIP-seq,1,hg38,se
ENCFF000NFN,ENCFF000NFN,ChIP-seq,0,hg38,se
ENCFF001HJJ,ENCFF001HJJ,ChIP-seq,0,hg38,se
ENCFF000ZDV,ENCFF000ZDV,ChIP-seq,1,hg38,se
ENCFF307LWZ,ENCFF307LWZ,ChIP-seq,0,hg38,se
ENCFF000VSE,ENCFF000VSE,ChIP-seq,1,hg38,se
ENCFF864CRK,ENCFF864CRK,ChIP-seq,0,hg38,se
ENCFF000BJD,ENCFF000BJD,ChIP-seq,0,hg38,se
ENCFF000CDS,ENCFF000CDS,ChIP-seq,0,hg38,se
ENCFF000YZX,ENCFF000YZX,ChIP-seq,0,hg38,se
ENCFF000WPB,ENCFF000WPB,ChIP-seq,0,hg38,se
ENCFF000WWF,ENCFF000WWF,ChIP-seq,1,hg38,se
ENCFF496SEN,ENCFF496SEN,ChIP-seq,1,hg38,se
ENCFF000NOM,ENCFF000NOM,ChIP-seq,0,hg38,se
ENCFF002ATQ,ENCFF002ATQ,ChIP-seq,1,hg38,se
ENCFF001HNI,ENCFF001HNI,ChIP-seq,0,hg38,se
ENCFF000OBY,ENCFF000OBY,ChIP-seq,1,hg38,se
ENCFF000CTW,ENCFF000CTW,ChIP-seq,0,hg38,se
ENCFF000CNG,ENCFF000CNG,ChIP-seq,0,hg38,se
ENCFF000RXS,ENCFF000RXS,ChIP-seq,0,hg38,se
ENCFF884FZP,ENCFF884FZP,ChIP-seq,1,hg38,se
ENCFF000VSS,ENCFF000VSS,ChIP-seq,0,hg38,se
ENCFF387CVH,ENCFF387CVH,ChIP-seq,1,hg38,se
ENCFF000ZGI,ENCFF000ZGI,ChIP-seq,0,hg38,se
ENCFF648WNU,ENCFF648WNU,ChIP-seq,1,hg38,se
ENCFF001RUO,ENCFF001RUO,ChIP-seq,1,hg38,se
ENCFF796VRG,ENCFF796VRG,ChIP-seq,0,hg38,se
ENCFF002EIG,ENCFF002EIG,ChIP-seq,1,hg38,se
ENCFF000WQL,ENCFF000WQL,ChIP-seq,0,hg38,se
ENCFF777GCN,ENCFF777GCN,ChIP-seq,0,hg38,se
ENCFF002EBC,ENCFF002EBC,ChIP-seq,1,hg38,se
ENCFF000WQF,ENCFF000WQF,ChIP-seq,0,hg38,se
ENCFF000WIJ,ENCFF000WIJ,ChIP-seq,1,hg38,se
ENCFF001GWB,ENCFF001GWB,ChIP-seq,0,hg38,se
ENCFF000WFJ,ENCFF000WFJ,ChIP-seq,0,hg38,se
ENCFF728GQX,ENCFF728GQX,ChIP-seq,1,hg38,se
ENCFF222VRH,ENCFF222VRH,ChIP-seq,0,hg38,se
ENCFF000RZJ,ENCFF000RZJ,ChIP-seq,0,hg38,se
ENCFF000VZE,ENCFF000VZE,ChIP-seq,1,hg38,se
ENCFF001HPU,ENCFF001HPU,ChIP-seq,0,hg38,se
ENCFF000NCD,ENCFF000NCD,ChIP-seq,0,hg38,se
ENCFF002ATR,ENCFF002ATR,ChIP-seq,1,hg38,se
ENCFF000PGK,ENCFF000PGK,ChIP-seq,1,hg38,se
ENCFF358SUY,ENCFF358SUY,ChIP-seq,0,hg38,se
ENCFF000YBV,ENCFF000YBV,ChIP-seq,1,hg38,se
ENCFF000YVP,ENCFF000YVP,ChIP-seq,1,hg38,se
ENCFF000YRR,ENCFF000YRR,ChIP-seq,1,hg38,se
ENCFF676ATC,ENCFF676ATC,ChIP-seq,0,hg38,se
ENCFF000PQC,ENCFF000PQC,ChIP-seq,0,hg38,se
ENCFF000BIC,ENCFF000BIC,ChIP-seq,0,hg38,se
ENCFF000PJU,ENCFF000PJU,ChIP-seq,1,hg38,se
ENCFF000YEV,ENCFF000YEV,ChIP-seq,1,hg38,se
ENCFF000YVN,ENCFF000YVN,ChIP-seq,1,hg38,se
ENCFF956VPK,ENCFF956VPK,ChIP-seq,1,hg38,se
ENCFF002BBT,ENCFF002BBT,ChIP-seq,0,hg38,se
ENCFF342JGY,ENCFF342JGY,ChIP-seq,0,hg38,se
ENCFF002EBQ,ENCFF002EBQ,ChIP-seq,1,hg38,se
ENCFF000WRC,ENCFF000WRC,ChIP-seq,1,hg38,se
ENCFF000XYD,ENCFF000XYD,ChIP-seq,0,hg38,se
ENCFF148IVO,ENCFF148IVO,ChIP-seq,1,hg38,se
ENCFF000CUT,ENCFF000CUT,ChIP-seq,1,hg38,se
ENCFF720ANW,ENCFF720ANW,ChIP-seq,0,hg38,se
ENCFF000OET,ENCFF000OET,ChIP-seq,1,hg38,se
ENCFF000ODZ,ENCFF000ODZ,ChIP-seq,0,hg38,se
ENCFF000YTV,ENCFF000YTV,ChIP-seq,1,hg38,se
ENCFF000PDL,ENCFF000PDL,ChIP-seq,0,hg38,se
ENCFF000YBX,ENCFF000YBX,ChIP-seq,1,hg38,se
ENCFF000ZOA,ENCFF000ZOA,ChIP-seq,1,hg38,se
ENCFF000ZRV,ENCFF000ZRV,ChIP-seq,0,hg38,se
ENCFF072HZW,ENCFF072HZW,ChIP-seq,0,hg38,se
ENCFF462NCK,ENCFF462NCK,ChIP-seq,1,hg38,se
ENCFF000WZP,ENCFF000WZP,ChIP-seq,1,hg38,se
ENCFF805WZL,ENCFF805WZL,ChIP-seq,1,hg38,se
ENCFF011ZDE,ENCFF011ZDE,ChIP-seq,0,hg38,se
ENCFF800DGE,ENCFF800DGE,ChIP-seq,0,hg38,se
ENCFF000WEZ,ENCFF000WEZ,ChIP-seq,1,hg38,se
ENCFF000CTU,ENCFF000CTU,ChIP-seq,0,hg38,se
ENCFF000RXX,ENCFF000RXX,ChIP-seq,0,hg38,se
ENCFF001FRU,ENCFF001FRU,ChIP-seq,0,hg38,se
ENCFF000BJT,ENCFF000BJT,ChIP-seq,0,hg38,se
ENCFF000BVB,ENCFF000BVB,ChIP-seq,1,hg38,se
ENCFF000ZFE,ENCFF000ZFE,ChIP-seq,1,hg38,se
ENCFF000YDG,ENCFF000YDG,ChIP-seq,0,hg38,se
ENCFF119FUG,ENCFF119FUG,ChIP-seq,1,hg38,se
ENCFF000YYE,ENCFF000YYE,ChIP-seq,1,hg38,se
ENCFF000ZHI,ENCFF000ZHI,ChIP-seq,0,hg38,se
ENCFF000OWE,ENCFF000OWE,ChIP-seq,0,hg38,se
ENCFF041JIR,ENCFF041JIR,ChIP-seq,1,hg38,se
ENCFF726ZWD,ENCFF726ZWD,ChIP-seq,0,hg38,se
ENCFF000WZD,ENCFF000WZD,ChIP-seq,1,hg38,se
ENCFF244WIG,ENCFF244WIG,ChIP-seq,0,hg38,se
ENCFF895MOG,ENCFF895MOG,ChIP-seq,0,hg38,se
ENCFF000RNQ,ENCFF000RNQ,ChIP-seq,0,hg38,se
ENCFF000VTL,ENCFF000VTL,ChIP-seq,1,hg38,se
ENCFF002EBN,ENCFF002EBN,ChIP-seq,1,hg38,se
ENCFF000NAH,ENCFF000NAH,ChIP-seq,0,hg38,se
ENCFF935ETD,ENCFF935ETD,ChIP-seq,0,hg38,se
ENCFF613SKX,ENCFF613SKX,ChIP-seq,1,hg38,se
ENCFF422VPN,ENCFF422VPN,ChIP-seq,1,hg38,se
ENCFF000XUI,ENCFF000XUI,ChIP-seq,1,hg38,se
ENCFF250WAH,ENCFF250WAH,ChIP-seq,0,hg38,se
ENCFF376SIP,ENCFF376SIP,ChIP-seq,0,hg38,se
ENCFF000NEV,ENCFF000NEV,ChIP-seq,0,hg38,se
ENCFF330JGJ,ENCFF330JGJ,ChIP-seq,0,hg38,se
ENCFF002EBR,ENCFF002EBR,ChIP-seq,1,hg38,se
ENCFF000WBR,ENCFF000WBR,ChIP-seq,1,hg38,se
ENCFF832HXT,ENCFF832HXT,ChIP-seq,1,hg38,se
ENCFF001YXF,ENCFF001YXF,ChIP-seq,1,hg38,se
ENCFF000XCP,ENCFF000XCP,ChIP-seq,1,hg38,se
ENCFF000VWG,ENCFF000VWG,ChIP-seq,1,hg38,se
ENCFF000BHI,ENCFF000BHI,ChIP-seq,0,hg38,se
ENCFF714TSH,ENCFF714TSH,ChIP-seq,0,hg38,se
ENCFF000BKZ,ENCFF000BKZ,ChIP-seq,0,hg38,se
ENCFF000BOE,ENCFF000BOE,ChIP-seq,0,hg38,se
ENCFF504ADZ,ENCFF504ADZ,ChIP-seq,0,hg38,se
ENCFF001FDX,ENCFF001FDX,ChIP-seq,0,hg38,se
ENCFF000ZQR,ENCFF000ZQR,ChIP-seq,1,hg38,se
ENCFF566HIZ,ENCFF566HIZ,ChIP-seq,0,hg38,se
ENCFF663LVG,ENCFF663LVG,ChIP-seq,1,hg38,se
ENCFF358EYL,ENCFF358EYL,ChIP-seq,0,hg38,se
ENCFF001HUC,ENCFF001HUC,ChIP-seq,0,hg38,se
ENCFF000XSG,ENCFF000XSG,ChIP-seq,0,hg38,se
ENCFF782OEQ,ENCFF782OEQ,ChIP-seq,1,hg38,se
ENCFF000ZBH,ENCFF000ZBH,ChIP-seq,0,hg38,se
ENCFF000RNB,ENCFF000RNB,ChIP-seq,0,hg38,se
ENCFF061XKR,ENCFF061XKR,ChIP-seq,0,hg38,se
ENCFF000VUM,ENCFF000VUM,ChIP-seq,1,hg38,se
ENCFF598SBH,ENCFF598SBH,ChIP-seq,0,hg38,se
ENCFF000XWR,ENCFF000XWR,ChIP-seq,0,hg38,se
ENCFF969VSN,ENCFF969VSN,ChIP-seq,0,hg38,se
ENCFF002EBU,ENCFF002EBU,ChIP-seq,1,hg38,se
ENCFF001HPM,ENCFF001HPM,ChIP-seq,0,hg38,se
ENCFF000BNM,ENCFF000BNM,ChIP-seq,0,hg38,se
ENCFF000QRH,ENCFF000QRH,ChIP-seq,0,hg38,se
ENCFF000XHW,ENCFF000XHW,ChIP-seq,1,hg38,se
ENCFF000ZQM,ENCFF000ZQM,ChIP-seq,1,hg38,se
ENCFF002BFU,ENCFF002BFU,ChIP-seq,1,hg38,se
ENCFF000WSR,ENCFF000WSR,ChIP-seq,1,hg38,se
ENCFF352QCK,ENCFF352QCK,ChIP-seq,1,hg38,se
ENCFF149OGB,ENCFF149OGB,ChIP-seq,1,hg38,se
ENCFF000XVB,ENCFF000XVB,ChIP-seq,1,hg38,se
ENCFF000QYJ,ENCFF000QYJ,ChIP-seq,0,hg38,se
ENCFF000WXS,ENCFF000WXS,ChIP-seq,0,hg38,se
ENCFF000WUS,ENCFF000WUS,ChIP-seq,0,hg38,se
ENCFF000CSE,ENCFF000CSE,ChIP-seq,0,hg38,se
ENCFF000VRY,ENCFF000VRY,ChIP-seq,1,hg38,se
ENCFF002EEW,ENCFF002EEW,ChIP-seq,1,hg38,se
ENCFF982FDH,ENCFF982FDH,ChIP-seq,0,hg38,se
ENCFF000CBK,ENCFF000CBK,ChIP-seq,1,hg38,se
ENCFF000VVW,ENCFF000VVW,ChIP-seq,1,hg38,se
ENCFF000YEX,ENCFF000YEX,ChIP-seq,1,hg38,se
ENCFF001HYR,ENCFF001HYR,ChIP-seq,0,hg38,se
ENCFF000RYT,ENCFF000RYT,ChIP-seq,1,hg38,se
ENCFF331BDZ,ENCFF331BDZ,ChIP-seq,1,hg38,se
ENCFF222IGM,ENCFF222IGM,ChIP-seq,1,hg38,se
ENCFF591DAH,ENCFF591DAH,ChIP-seq,0,hg38,se
ENCFF910NIN,ENCFF910NIN,ChIP-seq,0,hg38,se
ENCFF739HUA,ENCFF739HUA,ChIP-seq,0,hg38,se
ENCFF000YCC,ENCFF000YCC,ChIP-seq,1,hg38,se
ENCFF001HNS,ENCFF001HNS,ChIP-seq,0,hg38,se
ENCFF000VRR,ENCFF000VRR,ChIP-seq,0,hg38,se
ENCFF000ZKU,ENCFF000ZKU,ChIP-seq,1,hg38,se
ENCFF001GWR,ENCFF001GWR,ChIP-seq,0,hg38,se
ENCFF002BFJ,ENCFF183QKB,ChIP-seq,1,hg38,se
ENCFF002EDT,ENCFF002EDT,ChIP-seq,1,hg38,se
ENCFF002EIF,ENCFF002EIF,ChIP-seq,1,hg38,se
ENCFF000QWZ,ENCFF000QWZ,ChIP-seq,0,hg38,se
ENCFF000WWN,ENCFF000WWN,ChIP-seq,1,hg38,se
ENCFF851IDU,ENCFF851IDU,ChIP-seq,0,hg38,se
ENCFF000OJL,ENCFF000OJL,ChIP-seq,0,hg38,se
ENCFF002AUM,ENCFF002AUM,ChIP-seq,0,hg38,se
ENCFF000OJZ,ENCFF000OJZ,ChIP-seq,0,hg38,se
ENCFF000ZGU,ENCFF000ZGU,ChIP-seq,1,hg38,se
ENCFF000VOG,ENCFF000VOG,ChIP-seq,1,hg38,se
ENCFF000VLE,ENCFF000VLE,ChIP-seq,1,hg38,se
ENCFF002EAP,ENCFF002EAP,ChIP-seq,1,hg38,se
ENCFF000CTF,ENCFF000CTF,ChIP-seq,0,hg38,se
ENCFF000ZRG,ENCFF000ZRG,ChIP-seq,0,hg38,se
ENCFF000ZMO,ENCFF000ZMO,ChIP-seq,0,hg38,se
ENCFF000BJN,ENCFF000BJN,ChIP-seq,0,hg38,se
ENCFF398KLJ,ENCFF398KLJ,ChIP-seq,0,hg38,se
ENCFF000YDY,ENCFF000YDY,ChIP-seq,1,hg38,se
ENCFF000VSG,ENCFF000VSG,ChIP-seq,1,hg38,se
ENCFF000ZBR,ENCFF000ZBR,ChIP-seq,0,hg38,se
ENCFF246LDW,ENCFF246LDW,ChIP-seq,0,hg38,se
ENCFF000CSA,ENCFF000CSA,ChIP-seq,0,hg38,se
ENCFF106HFE,ENCFF106HFE,ChIP-seq,1,hg38,se
ENCFF000ZDT,ENCFF000ZDT,ChIP-seq,1,hg38,se
ENCFF761GFN,ENCFF761GFN,ChIP-seq,0,hg38,se
ENCFF000BPG,ENCFF000BPG,ChIP-seq,0,hg38,se
ENCFF002EBE,ENCFF002EBE,ChIP-seq,1,hg38,se
ENCFF002BBD,ENCFF002BBD,ChIP-seq,0,hg38,se
ENCFF000BIT,ENCFF000BIT,ChIP-seq,0,hg38,se
ENCFF000YVU,ENCFF000YVU,ChIP-seq,0,hg38,se
ENCFF000OOD,ENCFF000OOD,ChIP-seq,0,hg38,se
ENCFF000XCR,ENCFF000XCR,ChIP-seq,1,hg38,se
ENCFF000YZB,ENCFF000YZB,ChIP-seq,0,hg38,se
ENCFF002DZR,ENCFF002DZR,ChIP-seq,1,hg38,se
ENCFF995EWG,ENCFF995EWG,ChIP-seq,1,hg38,se
ENCFF185IUS,ENCFF185IUS,ChIP-seq,1,hg38,se
ENCFF000YFG,ENCFF000YFG,ChIP-seq,1,hg38,se
ENCFF000YXD,ENCFF000YXD,ChIP-seq,1,hg38,se
ENCFF000NRX,ENCFF000NRX,ChIP-seq,0,hg38,se
ENCFF641ITN,ENCFF641ITN,ChIP-seq,1,hg38,se
ENCFF000VIS,ENCFF000VIS,ChIP-seq,1,hg38,se
ENCFF001HSL,ENCFF001HSL,ChIP-seq,0,hg38,se
ENCFF002EDJ,ENCFF002EDJ,ChIP-seq,1,hg38,se
ENCFF000CQI,ENCFF000CQI,ChIP-seq,1,hg38,se
ENCFF000BGS,ENCFF000BGS,ChIP-seq,0,hg38,se
ENCFF461ZFZ,ENCFF461ZFZ,ChIP-seq,1,hg38,se
ENCFF000YKS,ENCFF000YKS,ChIP-seq,1,hg38,se
ENCFF000CRG,ENCFF000CRG,ChIP-seq,0,hg38,se
ENCFF000COD,ENCFF000COD,ChIP-seq,0,hg38,se
ENCFF000YBN,ENCFF000YBN,ChIP-seq,1,hg38,se
ENCFF000XSF,ENCFF000XSF,ChIP-seq,1,hg38,se
ENCFF000ZST,ENCFF000ZST,ChIP-seq,1,hg38,se
ENCFF000BRN,ENCFF000BRN,ChIP-seq,0,hg38,se
ENCFF000WAY,ENCFF000WAY,ChIP-seq,1,hg38,se
ENCFF001HXT,ENCFF001HXT,ChIP-seq,0,hg38,se
ENCFF000WDX,ENCFF000WDX,ChIP-seq,1,hg38,se
ENCFF002AUO,ENCFF002AUO,ChIP-seq,1,hg38,se
ENCFF002DHM,ENCFF002DHM,ChIP-seq,0,hg38,se
ENCFF000XUQ,ENCFF000XUQ,ChIP-seq,1,hg38,se
ENCFF000RYX,ENCFF000RYX,ChIP-seq,1,hg38,se
ENCFF000VFI,ENCFF000VFI,ChIP-seq,1,hg38,se
ENCFF000ZKQ,ENCFF000ZJW,ChIP-seq,1,hg38,se
ENCFF000XQZ,ENCFF000XQZ,ChIP-seq,1,hg38,se
ENCFF028MIM,ENCFF028MIM,ChIP-seq,0,hg38,se
ENCFF654JMO,ENCFF654JMO,ChIP-seq,0,hg38,se
ENCFF000NTV,ENCFF000NTV,ChIP-seq,0,hg38,se
ENCFF247LMG,ENCFF247LMG,ChIP-seq,1,hg38,se
ENCFF627OOT,ENCFF627OOT,ChIP-seq,1,hg38,se
ENCFF000RPS,ENCFF000RPS,ChIP-seq,0,hg38,se
ENCFF166RSJ,ENCFF166RSJ,ChIP-seq,1,hg38,se
ENCFF000WKK,ENCFF000WKK,ChIP-seq,1,hg38,se
ENCFF397SOK,ENCFF397SOK,ChIP-seq,1,hg38,se
ENCFF001FZQ,ENCFF001FZQ,ChIP-seq,0,hg38,se
ENCFF000VFX,ENCFF000VFX,ChIP-seq,1,hg38,se
ENCFF001FGF,ENCFF001FGF,ChIP-seq,0,hg38,se
ENCFF000VST,ENCFF000VST,ChIP-seq,1,hg38,se
ENCFF001GFG,ENCFF001GFG,ChIP-seq,0,hg38,se
ENCFF001GXJ,ENCFF001GXJ,ChIP-seq,0,hg38,se
ENCFF000XGW,ENCFF000XGW,ChIP-seq,1,hg38,se
ENCFF596HQA,ENCFF596HQA,ChIP-seq,0,hg38,se
ENCFF071AVO,ENCFF071AVO,ChIP-seq,0,hg38,se
ENCFF000ZPN,ENCFF000ZPN,ChIP-seq,0,hg38,se
ENCFF866EMZ,ENCFF866EMZ,ChIP-seq,0,hg38,se
ENCFF002EBH,ENCFF002EBH,ChIP-seq,1,hg38,se
ENCFF002BBV,ENCFF002BBV,ChIP-seq,0,hg38,se
ENCFF000BFI,ENCFF000BFI,ChIP-seq,0,hg38,se
ENCFF000YJK,ENCFF000YJK,ChIP-seq,1,hg38,se
ENCFF182FSV,ENCFF182FSV,ChIP-seq,0,hg38,se
ENCFF001FIG,ENCFF001FIG,ChIP-seq,0,hg38,se
ENCFF000YIS,ENCFF000YIS,ChIP-seq,1,hg38,se
ENCFF000VFV,ENCFF000VFV,ChIP-seq,1,hg38,se
ENCFF001EOO,ENCFF001EOO,ChIP-seq,0,hg38,se
ENCFF000VWI,ENCFF000VWI,ChIP-seq,1,hg38,se
ENCFF000ASM,ENCFF000ASM,ChIP-seq,0,hg38,se
ENCFF513PYY,ENCFF513PYY,ChIP-seq,0,hg38,se
ENCFF000YOF,ENCFF000YOF,ChIP-seq,1,hg38,se
ENCFF675KJY,ENCFF675KJY,ChIP-seq,1,hg38,se
ENCFF375DZP,ENCFF375DZP,ChIP-seq,1,hg38,se
ENCFF501XWM,ENCFF501XWM,ChIP-seq,1,hg38,se
ENCFF001FOG,ENCFF001FOG,ChIP-seq,0,hg38,se
ENCFF001QXC,ENCFF001QXC,ChIP-seq,0,hg38,se
ENCFF000XIY,ENCFF000XIY,ChIP-seq,1,hg38,se
ENCFF000YPN,ENCFF000YPN,ChIP-seq,0,hg38,se
ENCFF000ZGB,ENCFF000ZGB,ChIP-seq,1,hg38,se
ENCFF000YDJ,ENCFF000YDJ,ChIP-seq,1,hg38,se
ENCFF000XHG,ENCFF000XHG,ChIP-seq,1,hg38,se
ENCFF002BCC,ENCFF002BCC,ChIP-seq,0,hg38,se
ENCFF000ZBC,ENCFF000ZBC,ChIP-seq,1,hg38,se
ENCFF000ZFC,ENCFF000ZFC,ChIP-seq,1,hg38,se
ENCFF000AHJ,ENCFF000AHJ,ChIP-seq,0,hg38,se
ENCFF000PXW,ENCFF000PXW,ChIP-seq,1,hg38,se
ENCFF001HQN,ENCFF001HQN,ChIP-seq,0,hg38,se
ENCFF000PPW,ENCFF000PPW,ChIP-seq,0,hg38,se
ENCFF973AFN,ENCFF973AFN,ChIP-seq,0,hg38,se
ENCFF000VJI,ENCFF000VJI,ChIP-seq,1,hg38,se
ENCFF000XDS,ENCFF000XDS,ChIP-seq,1,hg38,se
ENCFF688DCO,ENCFF688DCO,ChIP-seq,1,hg38,se
ENCFF260HFH,ENCFF260HFH,ChIP-seq,0,hg38,se
ENCFF000WTG,ENCFF000WTG,ChIP-seq,1,hg38,se
ENCFF000VTZ,ENCFF000VTZ,ChIP-seq,1,hg38,se
ENCFF002EAD,ENCFF002EAD,ChIP-seq,1,hg38,se
ENCFF000XDN,ENCFF000XDN,ChIP-seq,0,hg38,se
ENCFF000BDM,ENCFF000BDM,ChIP-seq,0,hg38,se
ENCFF660TEM,ENCFF660TEM,ChIP-seq,0,hg38,se
ENCFF949QOX,ENCFF949QOX,ChIP-seq,0,hg38,se
ENCFF000VJL,ENCFF000VJL,ChIP-seq,1,hg38,se
ENCFF567OGB,ENCFF567OGB,ChIP-seq,1,hg38,se
ENCFF000WNC,ENCFF000WNC,ChIP-seq,1,hg38,se
ENCFF000QTJ,ENCFF000QTJ,ChIP-seq,0,hg38,se
ENCFF002EDU,ENCFF002EDU,ChIP-seq,1,hg38,se
ENCFF735GUP,ENCFF735GUP,ChIP-seq,0,hg38,se
ENCFF102MKU,ENCFF102MKU,ChIP-seq,1,hg38,se
ENCFF000AIW,ENCFF000AIW,ChIP-seq,0,hg38,se
ENCFF310WZD,ENCFF310WZD,ChIP-seq,1,hg38,se
ENCFF001GBC,ENCFF001GBC,ChIP-seq,0,hg38,se
ENCFF914CPT,ENCFF914CPT,ChIP-seq,1,hg38,se
ENCFF001HIS,ENCFF001HIS,ChIP-seq,0,hg38,se
ENCFF000VZS,ENCFF000VZS,ChIP-seq,1,hg38,se
ENCFF000ZRY,ENCFF000ZRY,ChIP-seq,1,hg38,se
ENCFF000YSD,ENCFF000YSD,ChIP-seq,1,hg38,se
ENCFF360OUT,ENCFF360OUT,ChIP-seq,1,hg38,se
ENCFF000CVY,ENCFF000CVY,ChIP-seq,0,hg38,se
ENCFF002BFD,ENCFF002BFD,ChIP-seq,1,hg38,se
ENCFF001FJZ,ENCFF001FJZ,ChIP-seq,0,hg38,se
ENCFF000ZQA,ENCFF000ZQA,ChIP-seq,1,hg38,se
ENCFF849RAD,ENCFF849RAD,ChIP-seq,0,hg38,se
ENCFF246AOW,ENCFF246AOW,ChIP-seq,1,hg38,se
ENCFF345AUK,ENCFF345AUK,ChIP-seq,0,hg38,se
ENCFF000SCC,ENCFF000SCC,ChIP-seq,0,hg38,se
ENCFF000WRT,ENCFF000WRT,ChIP-seq,1,hg38,se
ENCFF000ROA,ENCFF000ROA,ChIP-seq,0,hg38,se
ENCFF924DAG,ENCFF924DAG,ChIP-seq,1,hg38,se
ENCFF000ZIA,ENCFF000ZIA,ChIP-seq,1,hg38,se
ENCFF000CNX,ENCFF000CNX,ChIP-seq,0,hg38,se
ENCFF143DZF,ENCFF143DZF,ChIP-seq,1,hg38,se
ENCFF168ZUS,ENCFF168ZUS,ChIP-seq,0,hg38,se
ENCFF000WFZ,ENCFF000WFZ,ChIP-seq,0,hg38,se
ENCFF002EAT,ENCFF002EAT,ChIP-seq,1,hg38,se
ENCFF000WEG,ENCFF000WEG,ChIP-seq,1,hg38,se
ENCFF210PXS,ENCFF210PXS,ChIP-seq,0,hg38,se
ENCFF001HXN,ENCFF001HXN,ChIP-seq,0,hg38,se
ENCFF000BVC,ENCFF000BVC,ChIP-seq,1,hg38,se
ENCFF806XBN,ENCFF806XBN,ChIP-seq,1,hg38,se
ENCFF000WST,ENCFF000WST,ChIP-seq,1,hg38,se
ENCFF000VXR,ENCFF000VXR,ChIP-seq,1,hg38,se
ENCFF001GWE,ENCFF001GWE,ChIP-seq,0,hg38,se
ENCFF971MVL,ENCFF971MVL,ChIP-seq,1,hg38,se
ENCFF000YDZ,ENCFF000YDZ,ChIP-seq,0,hg38,se
ENCFF638ZSQ,ENCFF638ZSQ,ChIP-seq,0,hg38,se
ENCFF000XQC,ENCFF000XQC,ChIP-seq,1,hg38,se
ENCFF000PZP,ENCFF000PZP,ChIP-seq,0,hg38,se
ENCFF000ZRH,ENCFF000ZRH,ChIP-seq,1,hg38,se
ENCFF000WKL,ENCFF000WKL,ChIP-seq,1,hg38,se
ENCFF002EAX,ENCFF002EAX,ChIP-seq,1,hg38,se
ENCFF081NZK,ENCFF081NZK,ChIP-seq,0,hg38,se
ENCFF000OXT,ENCFF000OXT,ChIP-seq,0,hg38,se
ENCFF000ONP,ENCFF000ONP,ChIP-seq,0,hg38,se
ENCFF000YST,ENCFF000YST,ChIP-seq,1,hg38,se
ENCFF000QZN,ENCFF000QZN,ChIP-seq,0,hg38,se
ENCFF956QDK,ENCFF956QDK,ChIP-seq,0,hg38,se
ENCFF000XPD,ENCFF000XPD,ChIP-seq,1,hg38,se
ENCFF000WTI,ENCFF000WTI,ChIP-seq,1,hg38,se
ENCFF000RKD,ENCFF000RKD,ChIP-seq,1,hg38,se
ENCFF000WHA,ENCFF000WHA,ChIP-seq,1,hg38,se
ENCFF000YYH,ENCFF000YYH,ChIP-seq,1,hg38,se
ENCFF000ZLL,ENCFF000ZLL,ChIP-seq,1,hg38,se
ENCFF000WRM,ENCFF000WRM,ChIP-seq,1,hg38,se
ENCFF391EOT,ENCFF391EOT,ChIP-seq,0,hg38,se
ENCFF000BMP,ENCFF000BMP,ChIP-seq,0,hg38,se
ENCFF000ZNY,ENCFF000ZNY,ChIP-seq,1,hg38,se
ENCFF000WWK,ENCFF000WWK,ChIP-seq,0,hg38,se
ENCFF481ROV,ENCFF481ROV,ChIP-seq,1,hg38,se
ENCFF000QYD,ENCFF000QYD,ChIP-seq,0,hg38,se
ENCFF000YYA,ENCFF000YYA,ChIP-seq,0,hg38,se
ENCFF000CUN,ENCFF000CUN,ChIP-seq,0,hg38,se
ENCFF000WDF,ENCFF000WDF,ChIP-seq,1,hg38,se
ENCFF000ZJP,ENCFF000ZJP,ChIP-seq,0,hg38,se
ENCFF000VOU,ENCFF000VOU,ChIP-seq,0,hg38,se
ENCFF000VPT,ENCFF000VPT,ChIP-seq,1,hg38,se
ENCFF366NYC,ENCFF366NYC,ChIP-seq,0,hg38,se
ENCFF428ODU,ENCFF428ODU,ChIP-seq,1,hg38,se
ENCFF000BUX,ENCFF000BUX,ChIP-seq,1,hg38,se
ENCFF000YBL,ENCFF000YBL,ChIP-seq,0,hg38,se
ENCFF000ZBK,ENCFF000ZBK,ChIP-seq,1,hg38,se
ENCFF000ZRW,ENCFF000ZRW,ChIP-seq,1,hg38,se
ENCFF000WAN,ENCFF000WAN,ChIP-seq,1,hg38,se
ENCFF000ZQO,ENCFF000ZQO,ChIP-seq,0,hg38,se
ENCFF000VXT,ENCFF000VXT,ChIP-seq,1,hg38,se
ENCFF001FKT,ENCFF001FKT,ChIP-seq,0,hg38,se
ENCFF000WLP,ENCFF000WLP,ChIP-seq,1,hg38,se
ENCFF000XDP,ENCFF000XDP,ChIP-seq,0,hg38,se
ENCFF000ZSW,ENCFF000ZSW,ChIP-seq,1,hg38,se
ENCFF000XXL,ENCFF000XXL,ChIP-seq,0,hg38,se
ENCFF000YDH,ENCFF000YDH,ChIP-seq,1,hg38,se
ENCFF000BTS,ENCFF000BTS,ChIP-seq,0,hg38,se
ENCFF000NXT,ENCFF000NXT,ChIP-seq,0,hg38,se
ENCFF000ZRQ,ENCFF000ZRQ,ChIP-seq,1,hg38,se
ENCFF582HLF,ENCFF582HLF,ChIP-seq,1,hg38,se
ENCFF000ZRF,ENCFF000ZRF,ChIP-seq,1,hg38,se
ENCFF898WVK,ENCFF898WVK,ChIP-seq,0,hg38,se
ENCFF996HWZ,ENCFF996HWZ,ChIP-seq,1,hg38,se
ENCFF000ZJQ,ENCFF000ZJQ,ChIP-seq,0,hg38,se
ENCFF994FAH,ENCFF994FAH,ChIP-seq,1,hg38,se
ENCFF935SOR,ENCFF935SOR,ChIP-seq,1,hg38,se
ENCFF000WWI,ENCFF000WWI,ChIP-seq,0,hg38,se
ENCFF000XIQ,ENCFF000XIQ,ChIP-seq,1,hg38,se
ENCFF000XDU,ENCFF000XDU,ChIP-seq,1,hg38,se
ENCFF000VOP,ENCFF000VOP,ChIP-seq,1,hg38,se
ENCFF000YDB,ENCFF000YDB,ChIP-seq,1,hg38,se
ENCFF077PWW,ENCFF077PWW,ChIP-seq,0,hg38,se
ENCFF000PWL,ENCFF000PWL,ChIP-seq,1,hg38,se
ENCFF000VOE,ENCFF000VOE,ChIP-seq,1,hg38,se
ENCFF000QAQ,ENCFF000QAQ,ChIP-seq,0,hg38,se
ENCFF002BCG,ENCFF002BCG,ChIP-seq,1,hg38,se
ENCFF706GSP,ENCFF706GSP,ChIP-seq,0,hg38,se
ENCFF002BFA,ENCFF002BFA,ChIP-seq,1,hg38,se
ENCFF000OEV,ENCFF000OEV,ChIP-seq,0,hg38,se
ENCFF444RSD,ENCFF444RSD,ChIP-seq,1,hg38,se
ENCFF957DUJ,ENCFF957DUJ,ChIP-seq,1,hg38,se
ENCFF000CUU,ENCFF000CUU,ChIP-seq,1,hg38,se
ENCFF205YRD,ENCFF205YRD,ChIP-seq,0,hg38,se
ENCFF000WRE,ENCFF000WRE,ChIP-seq,1,hg38,se
ENCFF000ATM,ENCFF000ATM,ChIP-seq,1,hg38,se
ENCFF000RQY,ENCFF000RQY,ChIP-seq,0,hg38,se
ENCFF000WFK,ENCFF000WFK,ChIP-seq,0,hg38,se
ENCFF000VIQ,ENCFF000VIQ,ChIP-seq,1,hg38,se
ENCFF001YXH,ENCFF001YXH,ChIP-seq,1,hg38,se
ENCFF002ABF,ENCFF002ABF,ChIP-seq,0,hg38,se
ENCFF001FYK,ENCFF001FYK,ChIP-seq,0,hg38,se
ENCFF000VZD,ENCFF000VZD,ChIP-seq,1,hg38,se
ENCFF000VZU,ENCFF000VZU,ChIP-seq,1,hg38,se
ENCFF001HSI,ENCFF001HSI,ChIP-seq,0,hg38,se
ENCFF000VQJ,ENCFF000VQJ,ChIP-seq,1,hg38,se
ENCFF000RKF,ENCFF000RKF,ChIP-seq,1,hg38,se
ENCFF225JIA,ENCFF225JIA,ChIP-seq,0,hg38,se
ENCFF000VVJ,ENCFF000VVJ,ChIP-seq,1,hg38,se
ENCFF000CTH,ENCFF000CTH,ChIP-seq,0,hg38,se
ENCFF001FIZ,ENCFF001FIZ,ChIP-seq,0,hg38,se
ENCFF000ZKM,ENCFF000ZKM,ChIP-seq,1,hg38,se
ENCFF000WGE,ENCFF000WGE,ChIP-seq,0,hg38,se
ENCFF434NFA,ENCFF434NFA,ChIP-seq,1,hg38,se
ENCFF001FLD,ENCFF001FLD,ChIP-seq,0,hg38,se
ENCFF000NDP,ENCFF000NDP,ChIP-seq,0,hg38,se
ENCFF000VLF,ENCFF000VLF,ChIP-seq,1,hg38,se
ENCFF954GPQ,ENCFF954GPQ,ChIP-seq,0,hg38,se
ENCFF000YNH,ENCFF000YNH,ChIP-seq,1,hg38,se
ENCFF000YCN,ENCFF000YCN,ChIP-seq,1,hg38,se
ENCFF000AZE,ENCFF000AZE,ChIP-seq,1,hg38,se
ENCFF000PQW,ENCFF000PQW,ChIP-seq,0,hg38,se
ENCFF000WWP,ENCFF000WWP,ChIP-seq,1,hg38,se
ENCFF000RPB,ENCFF000RPB,ChIP-seq,0,hg38,se
ENCFF000WFB,ENCFF000WFB,ChIP-seq,1,hg38,se
ENCFF199LOR,ENCFF199LOR,ChIP-seq,1,hg38,se
ENCFF000OLB,ENCFF000OLB,ChIP-seq,0,hg38,se
ENCFF129VXF,ENCFF129VXF,ChIP-seq,1,hg38,se
ENCFF000XPB,ENCFF000XPB,ChIP-seq,1,hg38,se
ENCFF546UZB,ENCFF546UZB,ChIP-seq,1,hg38,se
ENCFF000YKP,ENCFF000YKP,ChIP-seq,1,hg38,se
ENCFF000QQG,ENCFF000QQG,ChIP-seq,0,hg38,se
ENCFF000ZBI,ENCFF000ZBI,ChIP-seq,1,hg38,se
ENCFF007MEI,ENCFF007MEI,ChIP-seq,0,hg38,se
ENCFF000OHV,ENCFF000OHV,ChIP-seq,0,hg38,se
ENCFF388VLM,ENCFF388VLM,ChIP-seq,1,hg38,se
ENCFF000WZQ,ENCFF000WZQ,ChIP-seq,1,hg38,se
ENCFF584LXI,ENCFF584LXI,ChIP-seq,0,hg38,se
ENCFF485LYA,ENCFF485LYA,ChIP-seq,0,hg38,se
ENCFF510QJL,ENCFF510QJL,ChIP-seq,1,hg38,se
ENCFF000YCL,ENCFF000YCL,ChIP-seq,1,hg38,se
ENCFF000YBP,ENCFF000YBP,ChIP-seq,1,hg38,se
ENCFF000VGF,ENCFF000VGF,ChIP-seq,1,hg38,se
ENCFF350ZIU,ENCFF350ZIU,ChIP-seq,0,hg38,se
ENCFF000VYN,ENCFF000VYN,ChIP-seq,1,hg38,se
ENCFF000XYW,ENCFF000XYW,ChIP-seq,1,hg38,se
ENCFF000XDT,ENCFF000XDT,ChIP-seq,0,hg38,se
ENCFF000WWD,ENCFF000WWD,ChIP-seq,1,hg38,se
ENCFF500QBC,ENCFF500QBC,ChIP-seq,1,hg38,se
ENCFF460MDW,ENCFF460MDW,ChIP-seq,1,hg38,se
ENCFF000YFS,ENCFF000YFS,ChIP-seq,1,hg38,se
ENCFF479ECJ,ENCFF479ECJ,ChIP-seq,0,hg38,se
ENCFF000RNI,ENCFF000RNI,ChIP-seq,0,hg38,se
ENCFF000ZGC,ENCFF000ZGC,ChIP-seq,0,hg38,se
ENCFF000CNP,ENCFF000CNP,ChIP-seq,0,hg38,se
ENCFF001HGV,ENCFF001HGV,ChIP-seq,0,hg38,se
ENCFF000ZEC,ENCFF000ZEC,ChIP-seq,0,hg38,se
ENCFF000VXE,ENCFF000VXE,ChIP-seq,1,hg38,se
ENCFF000ALJ,ENCFF000ALJ,ChIP-seq,0,hg38,se
ENCFF000YCS,ENCFF000YCS,ChIP-seq,0,hg38,se
ENCFF000YCR,ENCFF000YCR,ChIP-seq,1,hg38,se
ENCFF734KQY,ENCFF734KQY,ChIP-seq,1,hg38,se
ENCFF399RVX,ENCFF399RVX,ChIP-seq,0,hg38,se
ENCFF565YZN,ENCFF565YZN,ChIP-seq,1,hg38,se
ENCFF054RBV,ENCFF054RBV,ChIP-seq,1,hg38,se
ENCFF000CAS,ENCFF000CAS,ChIP-seq,1,hg38,se
ENCFF000ROO,ENCFF000ROO,ChIP-seq,0,hg38,se
ENCFF716OWO,ENCFF716OWO,ChIP-seq,1,hg38,se
ENCFF000YDS,ENCFF000YDS,ChIP-seq,1,hg38,se
ENCFF000ZFX,ENCFF000ZFX,ChIP-seq,1,hg38,se
ENCFF000YFV,ENCFF000YFV,ChIP-seq,0,hg38,se
ENCFF000YMS,ENCFF000YMS,ChIP-seq,1,hg38,se
ENCFF000QBF,ENCFF000QBF,ChIP-seq,0,hg38,se
ENCFF000XSH,ENCFF000XSH,ChIP-seq,1,hg38,se
ENCFF948IGU,ENCFF948IGU,ChIP-seq,0,hg38,se
ENCFF001GDW,ENCFF001GDW,ChIP-seq,0,hg38,se
ENCFF000WAA,ENCFF000WAA,ChIP-seq,1,hg38,se
ENCFF000ZFL,ENCFF000ZFL,ChIP-seq,1,hg38,se
ENCFF000YDP,ENCFF000YDP,ChIP-seq,0,hg38,se
ENCFF000XMM,ENCFF000XMM,ChIP-seq,1,hg38,se
ENCFF012ANG,ENCFF012ANG,ChIP-seq,0,hg38,se
ENCFF610RHZ,ENCFF610RHZ,ChIP-seq,0,hg38,se
ENCFF000CPM,ENCFF000CPM,ChIP-seq,0,hg38,se
ENCFF686JJA,ENCFF686JJA,ChIP-seq,0,hg38,se
ENCFF000VKB,ENCFF000VKB,ChIP-seq,0,hg38,se
ENCFF000ZIB,ENCFF000ZIB,ChIP-seq,0,hg38,se
ENCFF506VIB,ENCFF506VIB,ChIP-seq,0,hg38,se
ENCFF940NAW,ENCFF940NAW,ChIP-seq,1,hg38,se
ENCFF000WQW,ENCFF000WQW,ChIP-seq,1,hg38,se
ENCFF000ZIT,ENCFF000ZIT,ChIP-seq,0,hg38,se
ENCFF000PQP,ENCFF000PQP,ChIP-seq,0,hg38,se
ENCFF000NYB,ENCFF000NYB,ChIP-seq,0,hg38,se
ENCFF435TOG,ENCFF435TOG,ChIP-seq,0,hg38,se
ENCFF486FVK,ENCFF486FVK,ChIP-seq,0,hg38,se
ENCFF000YZT,ENCFF000YZT,ChIP-seq,0,hg38,se
ENCFF002EAQ,ENCFF002EAQ,ChIP-seq,1,hg38,se
ENCFF000YTY,ENCFF000YTY,ChIP-seq,0,hg38,se
ENCFF000VUZ,ENCFF000VUZ,ChIP-seq,1,hg38,se
ENCFF000XUO,ENCFF000XUO,ChIP-seq,1,hg38,se
ENCFF000WBP,ENCFF000WBP,ChIP-seq,1,hg38,se
ENCFF160MKL,ENCFF160MKL,ChIP-seq,1,hg38,se
ENCFF000YRK,ENCFF000YRK,ChIP-seq,1,hg38,se
ENCFF002BFI,ENCFF281EIK,ChIP-seq,1,hg38,se
ENCFF000YHN,ENCFF000YHN,ChIP-seq,1,hg38,se
ENCFF000WYL,ENCFF000WYL,ChIP-seq,1,hg38,se
ENCFF000WQV,ENCFF000WQV,ChIP-seq,0,hg38,se
ENCFF000YBC,ENCFF000YBC,ChIP-seq,0,hg38,se
ENCFF002BBM,ENCFF002BBM,ChIP-seq,0,hg38,se
ENCFF000VVY,ENCFF000VVY,ChIP-seq,1,hg38,se
ENCFF218BEJ,ENCFF218BEJ,ChIP-seq,0,hg38,se
ENCFF000BCI,ENCFF000BCI,ChIP-seq,0,hg38,se
ENCFF000ZQQ,ENCFF000ZQQ,ChIP-seq,0,hg38,se
ENCFF000XWT,ENCFF000XWT,ChIP-seq,0,hg38,se
ENCFF677KQP,ENCFF677KQP,ChIP-seq,1,hg38,se
ENCFF000VQX,ENCFF000VQX,ChIP-seq,1,hg38,se
ENCFF000CFG,ENCFF000CFG,ChIP-seq,0,hg38,se
ENCFF002BFV,ENCFF002BFV,ChIP-seq,1,hg38,se
ENCFF243FEQ,ENCFF243FEQ,ChIP-seq,0,hg38,se
ENCFF792SUU,ENCFF792SUU,ChIP-seq,1,hg38,se
ENCFF000VVB,ENCFF000VVB,ChIP-seq,1,hg38,se
ENCFF885LME,ENCFF885LME,ChIP-seq,1,hg38,se
ENCFF000VWF,ENCFF000VWF,ChIP-seq,0,hg38,se
ENCFF000XGY,ENCFF000XGY,ChIP-seq,1,hg38,se
ENCFF000YOH,ENCFF000YOH,ChIP-seq,1,hg38,se
ENCFF000XMG,ENCFF000XMG,ChIP-seq,1,hg38,se
ENCFF000QQK,ENCFF000QQK,ChIP-seq,0,hg38,se
ENCFF000RHF,ENCFF000RHF,ChIP-seq,0,hg38,se
ENCFF002EBW,ENCFF002EBW,ChIP-seq,1,hg38,se
ENCFF000WDZ,ENCFF000WDZ,ChIP-seq,1,hg38,se
ENCFF137ZTJ,ENCFF137ZTJ,ChIP-seq,0,hg38,se
ENCFF000BUR,ENCFF000BUR,ChIP-seq,0,hg38,se
ENCFF000XVD,ENCFF000XVD,ChIP-seq,1,hg38,se
ENCFF901NZE,ENCFF901NZE,ChIP-seq,0,hg38,se
ENCFF000ZQF,ENCFF000ZQF,ChIP-seq,0,hg38,se
ENCFF000CQL,ENCFF000CQL,ChIP-seq,1,hg38,se
ENCFF603MTX,ENCFF603MTX,ChIP-seq,1,hg38,se
ENCFF002EAG,ENCFF002EAG,ChIP-seq,1,hg38,se
ENCFF109PRI,ENCFF530JUB,ChIP-seq,1,hg38,pe
ENCFF337YSO,ENCFF979NZN,ChIP-seq,1,hg38,pe
ENCFF235SEI,ENCFF202KVA,ChIP-seq,0,hg38,pe
ENCFF035BJT,ENCFF035BJT,ChIP-seq,0,hg38,pe
ENCFF240PXJ,ENCFF240PXJ,ChIP-seq,1,hg38,pe
ENCFF374ZME,ENCFF374ZME,ChIP-seq,1,hg38,pe
ENCFF766JJP,ENCFF766JJP,ChIP-seq,1,hg38,pe
ENCFF523VMP,ENCFF523VMP,ChIP-seq,1,hg38,pe
ENCFF406XFM,ENCFF406XFM,ChIP-seq,0,hg38,pe
ENCFF593NHM,ENCFF781IDS,ChIP-seq,0,hg38,pe
ENCFF002EKV,ENCFF002EKX,ChIP-seq,1,hg38,pe
ENCFF527WMD,ENCFF527WMD,ChIP-seq,0,hg38,pe
ENCFF121YCH,ENCFF950ZNN,ChIP-seq,0,hg38,pe
ENCFF224PDC,ENCFF224PDC,ChIP-seq,0,hg38,pe
ENCFF940FBY,ENCFF940FBY,ChIP-seq,0,hg38,pe
ENCFF887QEM,ENCFF515LZE,ChIP-seq,1,hg38,pe
ENCFF547EOH,ENCFF615VIX,ChIP-seq,1,hg38,pe
ENCFF002EHU,ENCFF002EHU,ChIP-seq,1,hg38,pe
ENCFF458JEF,ENCFF745MHE,ChIP-seq,1,hg38,pe
ENCFF314HHA,ENCFF314HHA,ChIP-seq,1,hg38,pe
ENCFF531UQG,ENCFF044LTS,ChIP-seq,0,hg38,pe
ENCFF889CFT,ENCFF889CFT,ChIP-seq,0,hg38,pe
ENCFF259AYK,ENCFF693GDA,ChIP-seq,0,hg38,pe
ENCFF739IHC,ENCFF673OFT,ChIP-seq,1,hg38,pe
ENCFF879YYT,ENCFF790YHC,ChIP-seq,1,hg38,pe
ENCFF002EKU,ENCFF002EKU,ChIP-seq,1,hg38,pe
ENCFF429KAX,ENCFF429KAX,ChIP-seq,0,hg38,pe
ENCFF424HPQ,ENCFF424HPQ,ChIP-seq,0,hg38,pe
ENCFF910ZOL,ENCFF910ZOL,ChIP-seq,0,hg38,pe
ENCFF379LAP,ENCFF379LAP,ChIP-seq,0,hg38,pe
ENCFF031OAX,ENCFF031OAX,ChIP-seq,0,hg38,pe
ENCFF085HHB,ENCFF085HHB,ChIP-seq,0,hg38,pe
ENCFF655ROQ,ENCFF655ROQ,ChIP-seq,0,hg38,pe
ENCFF856IQE,ENCFF190IBB,ChIP-seq,1,hg38,pe
ENCFF196VCR,ENCFF196VCR,ChIP-seq,0,hg38,pe
ENCFF785WPL,ENCFF785WPL,ChIP-seq,1,hg38,pe
ENCFF865MQU,ENCFF447NYN,ChIP-seq,0,hg38,pe
ENCFF415ELT,ENCFF154HBU,ChIP-seq,1,hg38,pe
ENCFF163PYU,ENCFF163PYU,ChIP-seq,0,hg38,pe
ENCFF157INU,ENCFF157INU,ChIP-seq,1,hg38,pe
ENCFF002EMG,ENCFF002EMF,ChIP-seq,1,hg38,pe
ENCFF300LJR,ENCFF869EIB,ChIP-seq,0,hg38,pe
ENCFF639RMG,ENCFF639RMG,ChIP-seq,0,hg38,pe
ENCFF911IYJ,ENCFF911IYJ,ChIP-seq,0,hg38,pe
ENCFF581WJA,ENCFF581WJA,ChIP-seq,1,hg38,pe
ENCFF817BNT,ENCFF247ECT,ChIP-seq,1,hg38,pe
ENCFF595HTZ,ENCFF736BPA,ChIP-seq,0,hg38,pe
ENCFF770EWM,ENCFF770EWM,ChIP-seq,1,hg38,pe
ENCFF167VUS,ENCFF167VUS,ChIP-seq,0,hg38,pe
ENCFF293DCQ,ENCFF553USA,ChIP-seq,1,hg38,pe
ENCFF025FGS,ENCFF071WQZ,ChIP-seq,1,hg38,pe
ENCFF003ZKK,ENCFF003ZKK,ChIP-seq,1,hg38,pe
ENCFF738DUU,ENCFF738DUU,ChIP-seq,1,hg38,pe
ENCFF656FMR,ENCFF257PAW,ChIP-seq,1,hg38,pe
ENCFF002EKS,ENCFF002EKS,ChIP-seq,1,hg38,pe
ENCFF747RJL,ENCFF747RJL,ChIP-seq,0,hg38,pe
ENCFF002EKP,ENCFF002EKP,ChIP-seq,1,hg38,pe
ENCFF580STU,ENCFF580STU,ChIP-seq,1,hg38,pe
ENCFF228EWB,ENCFF922VLO,ChIP-seq,0,hg38,pe
ENCFF119HJY,ENCFF462QJA,ChIP-seq,0,hg38,pe
ENCFF577YLD,ENCFF577YLD,ChIP-seq,1,hg38,pe
ENCFF998XOV,ENCFF349XHH,ChIP-seq,0,hg38,pe
ENCFF676OSC,ENCFF944LNC,ChIP-seq,0,hg38,pe
ENCFF917BAA,ENCFF803CCE,ChIP-seq,0,hg38,pe
ENCFF175PTP,ENCFF653TMK,ChIP-seq,1,hg38,pe
ENCFF956IEA,ENCFF956IEA,ChIP-seq,1,hg38,pe
ENCFF274BMI,ENCFF692YLS,ChIP-seq,0,hg38,pe
ENCFF413ZHB,ENCFF244FZX,ChIP-seq,1,hg38,pe
ENCFF154SYW,ENCFF154SYW,ChIP-seq,0,hg38,pe
ENCFF863XGE,ENCFF057DOL,ChIP-seq,0,hg38,pe
ENCFF229CUE,ENCFF229CUE,ChIP-seq,0,hg38,pe
ENCFF644ORY,ENCFF569QXG,ChIP-seq,1,hg38,pe
ENCFF849HST,ENCFF499VFM,ChIP-seq,1,hg38,pe
ENCFF220RNL,ENCFF220RNL,ChIP-seq,1,hg38,pe
ENCFF832UNH,ENCFF104INT,ChIP-seq,0,hg38,pe
ENCFF095HAZ,ENCFF095HAZ,ChIP-seq,0,hg38,pe
ENCFF068YPN,ENCFF415TKU,ChIP-seq,1,hg38,pe
ENCFF972GKK,ENCFF972GKK,ChIP-seq,1,hg38,pe
ENCFF155EFV,ENCFF981KMI,ChIP-seq,1,hg38,pe
ENCFF982NSY,ENCFF360IQS,ChIP-seq,1,hg38,pe
ENCFF546EIX,ENCFF116RUN,ChIP-seq,0,hg38,pe
ENCFF345RFV,ENCFF345RFV,ChIP-seq,1,hg38,pe
ENCFF410UBV,ENCFF986WDC,ChIP-seq,0,hg38,pe
ENCFF625KCX,ENCFF570STM,ChIP-seq,1,hg38,pe
ENCFF143DZT,ENCFF103HSX,ChIP-seq,0,hg38,pe
ENCFF736LVP,ENCFF736LVP,ChIP-seq,1,hg38,pe
ENCFF263XLB,ENCFF263XLB,ChIP-seq,0,hg38,pe
ENCFF087KQG,ENCFF087KQG,ChIP-seq,0,hg38,pe
ENCFF110TON,ENCFF110TON,ChIP-seq,0,hg38,pe
ENCFF943IGO,ENCFF943IGO,ChIP-seq,1,hg38,pe
ENCFF481CKZ,ENCFF481CKZ,ChIP-seq,1,hg38,pe
ENCFF002DTR,ENCFF002DTR,ChIP-seq,0,hg38,pe
ENCFF646RLP,ENCFF413VRA,ChIP-seq,1,hg38,pe
ENCFF374JTH,ENCFF153HYB,ChIP-seq,0,hg38,pe
ENCFF319EYM,ENCFF319EYM,ChIP-seq,1,hg38,pe
ENCFF495BIK,ENCFF028WBW,ChIP-seq,1,hg38,pe
ENCFF326ZSE,ENCFF751ZBO,ChIP-seq,1,hg38,pe
ENCFF579DKO,ENCFF394OKZ,ChIP-seq,0,hg38,pe
ENCFF298MAO,ENCFF669NWL,ChIP-seq,1,hg38,pe
ENCFF033RQX,ENCFF033RQX,ChIP-seq,1,hg38,pe
ENCFF031NAI,ENCFF031NAI,ChIP-seq,1,hg38,pe
ENCFF750HCS,ENCFF729VCJ,ChIP-seq,1,hg38,pe
ENCFF469HPU,ENCFF469HPU,ChIP-seq,0,hg38,pe
ENCFF662WYC,ENCFF662WYC,ChIP-seq,0,hg38,pe
ENCFF190SME,ENCFF863ZTU,ChIP-seq,0,hg38,pe
ENCFF002EIM,ENCFF002EIK,ChIP-seq,0,hg38,pe
ENCFF030STW,ENCFF558YFM,ChIP-seq,1,hg38,pe
ENCFF239LIV,ENCFF649WXG,ChIP-seq,1,hg38,pe
ENCFF369ZRB,ENCFF391NAV,ChIP-seq,1,hg38,pe
ENCFF678SZB,ENCFF864KXI,ChIP-seq,0,hg38,pe
ENCFF062RPG,ENCFF835QVS,ChIP-seq,1,hg38,pe
ENCFF426TGH,ENCFF426TGH,ChIP-seq,1,hg38,pe
ENCFF281CQQ,ENCFF281CQQ,ChIP-seq,1,hg38,pe
ENCFF258EWB,ENCFF258EWB,ChIP-seq,1,hg38,pe
ENCFF736KMA,ENCFF736KMA,ChIP-seq,1,hg38,pe
ENCFF944DXB,ENCFF944DXB,ChIP-seq,1,hg38,pe
ENCFF051TFE,ENCFF051TFE,ChIP-seq,0,hg38,pe
ENCFF584YEG,ENCFF584YEG,ChIP-seq,0,hg38,pe
ENCFF641CIT,ENCFF641CIT,ChIP-seq,0,hg38,pe
ENCFF679GQT,ENCFF679GQT,ChIP-seq,0,hg38,pe
ENCFF077ONG,ENCFF534ZOY,ChIP-seq,0,hg38,pe
ENCFF370DYU,ENCFF370DYU,ChIP-seq,0,hg38,pe
ENCFF658VPO,ENCFF658VPO,ChIP-seq,0,hg38,pe
ENCFF267XUN,ENCFF267XUN,ChIP-seq,0,hg38,pe
ENCFF002DTZ,ENCFF002DPC,ChIP-seq,1,hg38,pe
ENCFF471LIQ,ENCFF868YNQ,ChIP-seq,0,hg38,pe
ENCFF746XJG,ENCFF338LYQ,ChIP-seq,0,hg38,pe
ENCFF643QTB,ENCFF643QTB,ChIP-seq,0,hg38,pe
ENCFF064MPE,ENCFF147UMW,ChIP-seq,0,hg38,pe
ENCFF010LOC,ENCFF643OCI,ChIP-seq,0,hg38,pe
ENCFF300NJW,ENCFF829HIO,ChIP-seq,1,hg38,pe
ENCFF781NWB,ENCFF647OXS,ChIP-seq,0,hg38,pe
ENCFF002EFI,ENCFF002DTU,ChIP-seq,0,hg38,pe
ENCFF834WKY,ENCFF408TVU,ChIP-seq,1,hg38,pe
ENCFF942TPW,ENCFF294OVE,ChIP-seq,1,hg38,pe
ENCFF002ELL,ENCFF002ELM,ChIP-seq,1,hg38,pe
ENCFF768WER,ENCFF185SFC,ChIP-seq,1,hg38,pe
ENCFF310AGV,ENCFF018TBF,ChIP-seq,1,hg38,pe
ENCFF932THV,ENCFF932THV,ChIP-seq,0,hg38,pe
ENCFF279GRE,ENCFF418SMX,ChIP-seq,1,hg38,pe
ENCFF045WFK,ENCFF844IHT,ChIP-seq,1,hg38,pe
ENCFF952JIY,ENCFF952JIY,ChIP-seq,1,hg38,pe
ENCFF073BAH,ENCFF073BAH,ChIP-seq,1,hg38,pe
ENCFF887CDX,ENCFF887CDX,ChIP-seq,0,hg38,pe
ENCFF016XWU,ENCFF016XWU,ChIP-seq,1,hg38,pe
ENCFF206FVJ,ENCFF206FVJ,ChIP-seq,1,hg38,pe
ENCFF616WSS,ENCFF246DIP,ChIP-seq,0,hg38,pe
ENCFF957KBX,ENCFF957KBX,ChIP-seq,1,hg38,pe
ENCFF355QDR,ENCFF355QDR,ChIP-seq,1,hg38,pe
ENCFF775HOD,ENCFF753KXC,ChIP-seq,0,hg38,pe
ENCFF498MQF,ENCFF498MQF,ChIP-seq,0,hg38,pe
ENCFF762GTE,ENCFF554ZQU,ChIP-seq,1,hg38,pe
ENCFF706YJI,ENCFF882UZC,ChIP-seq,1,hg38,pe
ENCFF564WFC,ENCFF333HZB,ChIP-seq,0,hg38,pe
ENCFF590TAH,ENCFF590TAH,ChIP-seq,0,hg38,pe
ENCFF218PFQ,ENCFF218PFQ,ChIP-seq,0,hg38,pe
ENCFF002EGG,ENCFF002EGG,ChIP-seq,1,hg38,pe
ENCFF002DOS,ENCFF002EIH,ChIP-seq,0,hg38,pe
ENCFF824ADC,ENCFF776VEC,ChIP-seq,0,hg38,pe
ENCFF554MGZ,ENCFF554MGZ,ChIP-seq,1,hg38,pe
ENCFF971SQW,ENCFF381EMJ,ChIP-seq,1,hg38,pe
ENCFF749RRK,ENCFF749RRK,ChIP-seq,0,hg38,pe
ENCFF482SYF,ENCFF218OLA,ChIP-seq,0,hg38,pe
ENCFF164ZYB,ENCFF164ZYB,ChIP-seq,1,hg38,pe
ENCFF479BPN,ENCFF479BPN,ChIP-seq,0,hg38,pe
ENCFF397MJD,ENCFF397MJD,ChIP-seq,1,hg38,pe
ENCFF471LGF,ENCFF993UAG,ChIP-seq,1,hg38,pe
ENCFF472HTS,ENCFF525TVL,ChIP-seq,1,hg38,pe
ENCFF824PVS,ENCFF824PVS,ChIP-seq,0,hg38,pe
ENCFF766ORZ,ENCFF943CMT,ChIP-seq,0,hg38,pe
ENCFF225RSH,ENCFF225RSH,ChIP-seq,1,hg38,pe
ENCFF272PEB,ENCFF802HEH,ChIP-seq,1,hg38,pe
ENCFF336PPY,ENCFF514VXT,ChIP-seq,0,hg38,pe
ENCFF478QIY,ENCFF478QIY,ChIP-seq,1,hg38,pe
ENCFF928EJZ,ENCFF545WZD,ChIP-seq,0,hg38,pe
ENCFF863RSX,ENCFF690DBL,ChIP-seq,1,hg38,pe
ENCFF497YJP,ENCFF124FJO,ChIP-seq,0,hg38,pe
ENCFF273KUS,ENCFF273KUS,ChIP-seq,0,hg38,pe
ENCFF590HVE,ENCFF531WQP,ChIP-seq,0,hg38,pe
ENCFF166DDB,ENCFF056KLC,ChIP-seq,1,hg38,pe
ENCFF845NVE,ENCFF030EJQ,ChIP-seq,0,hg38,pe
ENCFF663NBI,ENCFF663NBI,ChIP-seq,0,hg38,pe
ENCFF312JMJ,ENCFF271TKP,ChIP-seq,1,hg38,pe
ENCFF242DZM,ENCFF242DZM,ChIP-seq,1,hg38,pe
ENCFF728MNR,ENCFF728MNR,ChIP-seq,1,hg38,pe
ENCFF014ESP,ENCFF014ESP,ChIP-seq,1,hg38,pe
ENCFF452ROQ,ENCFF452ROQ,ChIP-seq,0,hg38,pe
ENCFF700CIV,ENCFF700CIV,ChIP-seq,0,hg38,pe
ENCFF436WRK,ENCFF436WRK,ChIP-seq,0,hg38,pe
ENCFF505LMS,ENCFF505LMS,ChIP-seq,0,hg38,pe
ENCFF404TLY,ENCFF404TLY,ChIP-seq,0,hg38,pe
ENCFF243MZN,ENCFF243MZN,ChIP-seq,0,hg38,pe
ENCFF085NFE,ENCFF085NFE,ChIP-seq,0,hg38,pe
ENCFF002EHJ,ENCFF002EHJ,ChIP-seq,1,hg38,pe
ENCFF002EKD,ENCFF002EJW,ChIP-seq,1,hg38,pe
ENCFF932GFU,ENCFF927OQW,ChIP-seq,1,hg38,pe
ENCFF100MWT,ENCFF022AXX,ChIP-seq,1,hg38,pe
ENCFF414DKT,ENCFF696ZFX,ChIP-seq,1,hg38,pe
ENCFF679YFV,ENCFF679YFV,ChIP-seq,0,hg38,pe
ENCFF968PLI,ENCFF952SBB,ChIP-seq,1,hg38,pe
ENCFF002ELF,ENCFF002ELD,ChIP-seq,1,hg38,pe
ENCFF170KFC,ENCFF291MOB,ChIP-seq,0,hg38,pe
ENCFF678KER,ENCFF547VRG,ChIP-seq,1,hg38,pe
ENCFF549LFN,ENCFF849AAG,ChIP-seq,0,hg38,pe
ENCFF707CNX,ENCFF704XKC,ChIP-seq,0,hg38,pe
ENCFF248CBD,ENCFF274LZM,ChIP-seq,1,hg38,pe
ENCFF619LOK,ENCFF619LOK,ChIP-seq,1,hg38,pe
ENCFF649CYF,ENCFF223WMJ,ChIP-seq,1,hg38,pe
ENCFF163AGA,ENCFF163AGA,ChIP-seq,0,hg38,pe
ENCFF868HAY,ENCFF747GMM,ChIP-seq,0,hg38,pe
ENCFF959OBE,ENCFF959OBE,ChIP-seq,0,hg38,pe
ENCFF002DPE,ENCFF002DPE,ChIP-seq,1,hg38,pe
ENCFF337OHH,ENCFF890HQY,ChIP-seq,0,hg38,pe
ENCFF382AAJ,ENCFF382AAJ,ChIP-seq,0,hg38,pe
ENCFF763FGT,ENCFF763FGT,ChIP-seq,1,hg38,pe
ENCFF663CEY,ENCFF663CEY,ChIP-seq,1,hg38,pe
ENCFF722QBO,ENCFF722QBO,ChIP-seq,1,hg38,pe
ENCFF853FSA,ENCFF853FSA,ChIP-seq,0,hg38,pe
ENCFF146JNK,ENCFF126GOB,ChIP-seq,0,hg38,pe
ENCFF733DGB,ENCFF270PCJ,ChIP-seq,1,hg38,pe
ENCFF367HUF,ENCFF367HUF,ChIP-seq,0,hg38,pe
ENCFF002EMD,ENCFF002EMD,ChIP-seq,1,hg38,pe
ENCFF301ONT,ENCFF512LPA,ChIP-seq,0,hg38,pe
ENCFF110AOO,ENCFF110AOO,ChIP-seq,1,hg38,pe
ENCFF120IAI,ENCFF120IAI,ChIP-seq,1,hg38,pe
ENCFF629EIQ,ENCFF007ATE,ChIP-seq,0,hg38,pe
ENCFF123UWV,ENCFF369REJ,ChIP-seq,1,hg38,pe
ENCFF272GOE,ENCFF522PVI,ChIP-seq,0,hg38,pe
ENCFF319KBV,ENCFF147LKM,ChIP-seq,0,hg38,pe
ENCFF017YSG,ENCFF017YSG,ChIP-seq,0,hg38,pe
ENCFF002DOP,ENCFF002DOP,ChIP-seq,1,hg38,pe
ENCFF040FWR,ENCFF898JXS,ChIP-seq,0,hg38,pe
ENCFF987PLM,ENCFF987PLM,ChIP-seq,1,hg38,pe
ENCFF091MJA,ENCFF091MJA,ChIP-seq,1,hg38,pe
ENCFF405EAB,ENCFF695OJN,ChIP-seq,0,hg38,pe
ENCFF756MPL,ENCFF756MPL,ChIP-seq,0,hg38,pe
ENCFF477IUV,ENCFF477IUV,ChIP-seq,1,hg38,pe
ENCFF604RKI,ENCFF604RKI,ChIP-seq,0,hg38,pe
ENCFF274RNW,ENCFF274RNW,ChIP-seq,0,hg38,pe
ENCFF961XAS,ENCFF884TDT,ChIP-seq,0,hg38,pe
ENCFF625HJX,ENCFF587AYW,ChIP-seq,0,hg38,pe
ENCFF256BLE,ENCFF513AFY,ChIP-seq,0,hg38,pe
ENCFF483EKF,ENCFF483EKF,ChIP-seq,1,hg38,pe
ENCFF716YLE,ENCFF716YLE,ChIP-seq,0,hg38,pe
ENCFF968SHS,ENCFF094FKH,ChIP-seq,0,hg38,pe
ENCFF187NIJ,ENCFF187NIJ,ChIP-seq,0,hg38,pe
ENCFF454KGH,ENCFF555WVX,ChIP-seq,1,hg38,pe
ENCFF858ZHX,ENCFF032RPG,ChIP-seq,1,hg38,pe
ENCFF891TTH,ENCFF645DRV,ChIP-seq,1,hg38,pe
ENCFF699WWO,ENCFF699WWO,ChIP-seq,0,hg38,pe
ENCFF293YFE,ENCFF330MCZ,ChIP-seq,0,hg38,pe
ENCFF696GEW,ENCFF307WIE,ChIP-seq,1,hg38,pe
ENCFF437EXK,ENCFF437EXK,ChIP-seq,0,hg38,pe
ENCFF585TRE,ENCFF735ESZ,ChIP-seq,0,hg38,pe
ENCFF565BCY,ENCFF131OXT,ChIP-seq,0,hg38,pe
ENCFF002EJX,ENCFF002EJX,ChIP-seq,1,hg38,pe
ENCFF836VHY,ENCFF258VLM,ChIP-seq,1,hg38,pe
ENCFF539YNG,ENCFF373VRZ,ChIP-seq,0,hg38,pe
ENCFF436WIC,ENCFF716DCY,ChIP-seq,0,hg38,pe
ENCFF280MIU,ENCFF280MIU,ChIP-seq,0,hg38,pe
ENCFF996TKV,ENCFF872HTM,ChIP-seq,0,hg38,pe
ENCFF682QTO,ENCFF682QTO,ChIP-seq,1,hg38,pe
ENCFF002EFP,ENCFF002EFP,ChIP-seq,0,hg38,pe
ENCFF575ARO,ENCFF745KKI,ChIP-seq,1,hg38,pe
ENCFF368UTN,ENCFF368UTN,ChIP-seq,0,hg38,pe
ENCFF287TQD,ENCFF175RYK,ChIP-seq,1,hg38,pe
ENCFF701LQT,ENCFF701LQT,ChIP-seq,0,hg38,pe
ENCFF002EHN,ENCFF002EHN,ChIP-seq,1,hg38,pe
ENCFF002EGW,ENCFF002EHB,ChIP-seq,1,hg38,pe
ENCFF811RLD,ENCFF811RLD,ChIP-seq,1,hg38,pe
ENCFF391STU,ENCFF391STU,ChIP-seq,1,hg38,pe
ENCFF002ELJ,ENCFF002ELK,ChIP-seq,1,hg38,pe
ENCFF124RBK,ENCFF124RBK,ChIP-seq,0,hg38,pe
ENCFF985MPR,ENCFF985MPR,ChIP-seq,1,hg38,pe
ENCFF143YSO,ENCFF143YSO,ChIP-seq,1,hg38,pe
ENCFF369MSV,ENCFF770NDG,ChIP-seq,0,hg38,pe
ENCFF049EIQ,ENCFF549SMI,ChIP-seq,1,hg38,pe
ENCFF612YLD,ENCFF612YLD,ChIP-seq,0,hg38,pe
ENCFF339LBU,ENCFF339LBU,ChIP-seq,1,hg38,pe
ENCFF610TGH,ENCFF610TGH,ChIP-seq,0,hg38,pe
ENCFF482CBA,ENCFF580EKN,ChIP-seq,0,hg38,pe
ENCFF540QJP,ENCFF588FSB,ChIP-seq,1,hg38,pe
ENCFF109ASP,ENCFF109ASP,RNA-seq,1,hg38,se
ENCFF243GOM,ENCFF243GOM,RNA-seq,1,hg38,se
ENCFF452LQU,ENCFF452LQU,RNA-seq,1,hg38,se
ENCFF001RGD,ENCFF001RGD,RNA-seq,1,hg38,se
ENCFF630LYO,ENCFF630LYO,RNA-seq,1,hg38,se
ENCFF575IES,ENCFF575IES,RNA-seq,1,hg38,se
ENCFF651BYL,ENCFF651BYL,RNA-seq,1,hg38,se
ENCFF056EMG,ENCFF056EMG,RNA-seq,1,hg38,se
ENCFF001RGN,ENCFF001RGN,RNA-seq,1,hg38,se
ENCFF157AFM,ENCFF157AFM,RNA-seq,1,hg38,se
ENCFF001RGA,ENCFF001RGA,RNA-seq,1,hg38,se
ENCFF001RGJ,ENCFF001RWE,RNA-seq,1,hg38,se
ENCFF001RGP,ENCFF001RVT,RNA-seq,1,hg38,se
ENCFF907KLE,ENCFF907KLE,RNA-seq,1,hg38,se
ENCFF311YRG,ENCFF311YRG,RNA-seq,1,hg38,se
ENCFF233HDB,ENCFF233HDB,RNA-seq,1,hg38,se
ENCFF001RRJ,ENCFF001RRJ,RNA-seq,1,hg38,se
ENCFF675SLL,ENCFF675SLL,RNA-seq,1,hg38,se
ENCFF058JPN,ENCFF058JPN,RNA-seq,1,hg38,se
ENCFF975MTU,ENCFF975MTU,RNA-seq,1,hg38,se
ENCFF632CZW,ENCFF632CZW,RNA-seq,1,hg38,se
ENCFF002BHN,ENCFF002BHN,RNA-seq,1,hg38,se
ENCFF002BHL,ENCFF002BHL,RNA-seq,1,hg38,se
ENCFF733EHG,ENCFF733EHG,RNA-seq,1,hg38,se
ENCFF713VFN,ENCFF713VFN,RNA-seq,1,hg38,se
ENCFF001RQT,ENCFF001RQT,RNA-seq,1,hg38,se
ENCFF632WEO,ENCFF632WEO,RNA-seq,1,hg38,se
ENCFF001RGG,ENCFF001RWD,RNA-seq,1,hg38,se
ENCFF341FLH,ENCFF341FLH,RNA-seq,1,hg38,se
ENCFF604PGV,ENCFF604PGV,RNA-seq,1,hg38,se
ENCFF830CNG,ENCFF830CNG,RNA-seq,1,hg38,se
ENCFF742GFX,ENCFF742GFX,RNA-seq,1,hg38,se
ENCFF025DKC,ENCFF025DKC,RNA-seq,1,hg38,se
ENCFF001RGM,ENCFF001RGM,RNA-seq,1,hg38,se
ENCFF001RGI,ENCFF001RWF,RNA-seq,1,hg38,se
ENCFF001RFX,ENCFF001RFX,RNA-seq,1,hg38,se
ENCFF012OMN,ENCFF012OMN,RNA-seq,1,hg38,se
ENCFF855YTN,ENCFF855YTN,RNA-seq,1,hg38,se
ENCFF001RGL,ENCFF001RVV,RNA-seq,1,hg38,se
ENCFF794IMD,ENCFF794IMD,RNA-seq,1,hg38,se
ENCFF826YSU,ENCFF826YSU,RNA-seq,0,hg38,se
ENCFF617CUF,ENCFF617CUF,RNA-seq,0,hg38,se
ENCFF800RTW,ENCFF800RTW,RNA-seq,0,hg38,se
ENCFF000CXI,ENCFF000CXI,RNA-seq,0,hg38,se
ENCFF715EGE,ENCFF715EGE,RNA-seq,0,hg38,se
ENCFF000MOR,ENCFF000MOR,RNA-seq,0,hg38,se
ENCFF000DMU,ENCFF000DMU,RNA-seq,0,hg38,se
ENCFF822QPE,ENCFF822QPE,RNA-seq,0,hg38,se
ENCFF000MSU,ENCFF000MSU,RNA-seq,0,hg38,se
ENCFF447GUA,ENCFF447GUA,RNA-seq,0,hg38,se
ENCFF859IDO,ENCFF859IDO,RNA-seq,0,hg38,se
ENCFF277ETM,ENCFF277ETM,RNA-seq,0,hg38,se
ENCFF994CGB,ENCFF994CGB,RNA-seq,0,hg38,se
ENCFF443XTQ,ENCFF443XTQ,RNA-seq,0,hg38,se
ENCFF000MTP,ENCFF000MTP,RNA-seq,0,hg38,se
ENCFF836QCP,ENCFF836QCP,RNA-seq,0,hg38,se
ENCFF396DVW,ENCFF396DVW,RNA-seq,0,hg38,se
ENCFF987HYN,ENCFF987HYN,RNA-seq,0,hg38,se
ENCFF000DVU,ENCFF000DVU,RNA-seq,0,hg38,se
ENCFF269DXG,ENCFF269DXG,RNA-seq,0,hg38,se
ENCFF000MQA,ENCFF000MQA,RNA-seq,0,hg38,se
ENCFF649YXQ,ENCFF649YXQ,RNA-seq,0,hg38,se
ENCFF000MTO,ENCFF000MTO,RNA-seq,0,hg38,se
ENCFF701WAW,ENCFF701WAW,RNA-seq,0,hg38,se
ENCFF000CXH,ENCFF000CXH,RNA-seq,0,hg38,se
ENCFF591YBG,ENCFF591YBG,RNA-seq,0,hg38,se
ENCFF329YXL,ENCFF329YXL,RNA-seq,0,hg38,se
ENCFF326BCF,ENCFF326BCF,RNA-seq,0,hg38,se
ENCFF696UCL,ENCFF696UCL,RNA-seq,0,hg38,se
ENCFF319ZJP,ENCFF319ZJP,RNA-seq,0,hg38,se
ENCFF299JVW,ENCFF299JVW,RNA-seq,0,hg38,se
ENCFF961GKK,ENCFF961GKK,RNA-seq,0,hg38,se
ENCFF592GJW,ENCFF592GJW,RNA-seq,0,hg38,se
ENCFF178QHC,ENCFF178QHC,RNA-seq,0,hg38,se
ENCFF000MPU,ENCFF000MPU,RNA-seq,0,hg38,se
ENCFF960GCL,ENCFF960GCL,RNA-seq,0,hg38,se
ENCFF754GRT,ENCFF754GRT,RNA-seq,0,hg38,se
ENCFF000MSV,ENCFF000MSV,RNA-seq,0,hg38,se
ENCFF385OMY,ENCFF385OMY,RNA-seq,0,hg38,se
ENCFF051TUA,ENCFF051TUA,RNA-seq,0,hg38,se
ENCFF001MZG,ENCFF001MZG,ChIP-seq,1,mm10,se
ENCFF001NQH,ENCFF001NQH,ChIP-seq,0,mm10,se
ENCFF364QJC,ENCFF364QJC,ChIP-seq,0,mm10,se
ENCFF001KIL,ENCFF001KIL,ChIP-seq,0,mm10,se
ENCFF001NUT,ENCFF001NUT,ChIP-seq,1,mm10,se
ENCFF403SQM,ENCFF403SQM,ChIP-seq,0,mm10,se
ENCFF001IGL,ENCFF001IGL,ChIP-seq,0,mm10,se
ENCFF001KVG,ENCFF001KVG,ChIP-seq,0,mm10,se
ENCFF001MWX,ENCFF001MWX,ChIP-seq,0,mm10,se
ENCFF001KIR,ENCFF001KIR,ChIP-seq,0,mm10,se
ENCFF001NKE,ENCFF001NKE,ChIP-seq,0,mm10,se
ENCFF001NIB,ENCFF001NIB,ChIP-seq,1,mm10,se
ENCFF001MOP,ENCFF001MOP,ChIP-seq,0,mm10,se
ENCFF001KNX,ENCFF001KNX,ChIP-seq,0,mm10,se
ENCFF002BUS,ENCFF002BUS,ChIP-seq,1,mm10,se
ENCFF001NMR,ENCFF001NMR,ChIP-seq,1,mm10,se
ENCFF001NOT,ENCFF001NOT,ChIP-seq,1,mm10,se
ENCFF001OBY,ENCFF001OBY,ChIP-seq,1,mm10,se
ENCFF001KUK,ENCFF001KUK,ChIP-seq,0,mm10,se
ENCFF001NNM,ENCFF001NNM,ChIP-seq,0,mm10,se
ENCFF001OBW,ENCFF001OBW,ChIP-seq,1,mm10,se
ENCFF429UIY,ENCFF429UIY,ChIP-seq,0,mm10,se
ENCFF183PVA,ENCFF183PVA,ChIP-seq,0,mm10,se
ENCFF001NKT,ENCFF001NKT,ChIP-seq,1,mm10,se
ENCFF001OBQ,ENCFF001OBQ,ChIP-seq,1,mm10,se
ENCFF002BXY,ENCFF002BXY,ChIP-seq,0,mm10,se
ENCFF001NAI,ENCFF001NAI,ChIP-seq,1,mm10,se
ENCFF001MYT,ENCFF001MYT,ChIP-seq,1,mm10,se
ENCFF001MNV,ENCFF001MNV,ChIP-seq,0,mm10,se
ENCFF001LTM,ENCFF001LTM,ChIP-seq,1,mm10,se
ENCFF001KYC,ENCFF001KYC,ChIP-seq,0,mm10,se
ENCFF001NQF,ENCFF001NQF,ChIP-seq,1,mm10,se
ENCFF001NIT,ENCFF001NIT,ChIP-seq,1,mm10,se
ENCFF001OAQ,ENCFF001OAQ,ChIP-seq,1,mm10,se
ENCFF001ZTK,ENCFF001ZTK,ChIP-seq,1,mm10,se
ENCFF002AHR,ENCFF002AHR,ChIP-seq,1,mm10,se
ENCFF001NNP,ENCFF001NNP,ChIP-seq,0,mm10,se
ENCFF001NJP,ENCFF001NJP,ChIP-seq,1,mm10,se
ENCFF688PRB,ENCFF688PRB,ChIP-seq,0,mm10,se
ENCFF001KWN,ENCFF001KWN,ChIP-seq,0,mm10,se
ENCFF001NHK,ENCFF001NHK,ChIP-seq,0,mm10,se
ENCFF001NFY,ENCFF001NFY,ChIP-seq,1,mm10,se
ENCFF001LOK,ENCFF001LOK,ChIP-seq,0,mm10,se
ENCFF001MZW,ENCFF001MZW,ChIP-seq,1,mm10,se
ENCFF001NTO,ENCFF001NTO,ChIP-seq,1,mm10,se
ENCFF001MZN,ENCFF001MZN,ChIP-seq,1,mm10,se
ENCFF987CWK,ENCFF987CWK,ChIP-seq,0,mm10,se
ENCFF001NVA,ENCFF001NVA,ChIP-seq,0,mm10,se
ENCFF001LMP,ENCFF001LMP,ChIP-seq,1,mm10,se
ENCFF002BYA,ENCFF002BYA,ChIP-seq,0,mm10,se
ENCFF001NHC,ENCFF001NHC,ChIP-seq,1,mm10,se
ENCFF001NIG,ENCFF001NIG,ChIP-seq,0,mm10,se
ENCFF001NOD,ENCFF001NOD,ChIP-seq,1,mm10,se
ENCFF001NVH,ENCFF001NVH,ChIP-seq,1,mm10,se
ENCFF001LLZ,ENCFF001LLZ,ChIP-seq,1,mm10,se
ENCFF554GAJ,ENCFF554GAJ,ChIP-seq,0,mm10,se
ENCFF001NEP,ENCFF001NEP,ChIP-seq,1,mm10,se
ENCFF001MZP,ENCFF001MZP,ChIP-seq,1,mm10,se
ENCFF564ZSR,ENCFF564ZSR,ChIP-seq,0,mm10,se
ENCFF160DPX,ENCFF160DPX,ChIP-seq,0,mm10,se
ENCFF001OAS,ENCFF001OAS,ChIP-seq,1,mm10,se
ENCFF001LUC,ENCFF001LUC,ChIP-seq,1,mm10,se
ENCFF492DJT,ENCFF492DJT,ChIP-seq,1,mm10,se
ENCFF306TWP,ENCFF306TWP,ChIP-seq,0,mm10,se
ENCFF001LPA,ENCFF001LPA,ChIP-seq,0,mm10,se
ENCFF001NSR,ENCFF001NSR,ChIP-seq,1,mm10,se
ENCFF001LLK,ENCFF001LLK,ChIP-seq,1,mm10,se
ENCFF001NFW,ENCFF001NFW,ChIP-seq,1,mm10,se
ENCFF001KYS,ENCFF001KYS,ChIP-seq,0,mm10,se
ENCFF001NTD,ENCFF001NTD,ChIP-seq,0,mm10,se
ENCFF001NTU,ENCFF001NTU,ChIP-seq,0,mm10,se
ENCFF001MYH,ENCFF001MYH,ChIP-seq,1,mm10,se
ENCFF001NID,ENCFF001NID,ChIP-seq,1,mm10,se
ENCFF001KCH,ENCFF001KCH,ChIP-seq,0,mm10,se
ENCFF001NNV,ENCFF001NNV,ChIP-seq,1,mm10,se
ENCFF001NUZ,ENCFF001NUZ,ChIP-seq,1,mm10,se
ENCFF001KIK,ENCFF001KIK,ChIP-seq,0,mm10,se
ENCFF001NIP,ENCFF001NIP,ChIP-seq,0,mm10,se
ENCFF001NGR,ENCFF001NGR,ChIP-seq,0,mm10,se
ENCFF001KFD,ENCFF001KFD,ChIP-seq,0,mm10,se
ENCFF001NOV,ENCFF001NOV,ChIP-seq,1,mm10,se
ENCFF001NCG,ENCFF001NCG,ChIP-seq,1,mm10,se
ENCFF002BXF,ENCFF002BXF,ChIP-seq,1,mm10,se
ENCFF001NAG,ENCFF001NAG,ChIP-seq,1,mm10,se
ENCFF001JXV,ENCFF001JXV,ChIP-seq,0,mm10,se
ENCFF001KTR,ENCFF001KTR,ChIP-seq,0,mm10,se
ENCFF001MCZ,ENCFF001MCZ,ChIP-seq,0,mm10,se
ENCFF001MVS,ENCFF001MVS,ChIP-seq,0,mm10,se
ENCFF001NVX,ENCFF001NVX,ChIP-seq,1,mm10,se
ENCFF001NRF,ENCFF001NRF,ChIP-seq,1,mm10,se
ENCFF126KYO,ENCFF126KYO,ChIP-seq,0,mm10,se
ENCFF001MYD,ENCFF001MYD,ChIP-seq,1,mm10,se
ENCFF001MZY,ENCFF001MZY,ChIP-seq,1,mm10,se
ENCFF002AJP,ENCFF002AJP,ChIP-seq,1,mm10,se
ENCFF001NQV,ENCFF001NQV,ChIP-seq,1,mm10,se
ENCFF001NMZ,ENCFF001NMZ,ChIP-seq,1,mm10,se
ENCFF001NAO,ENCFF001NAO,ChIP-seq,1,mm10,se
ENCFF001NUL,ENCFF001NUL,ChIP-seq,1,mm10,se
ENCFF002BUR,ENCFF002BUR,ChIP-seq,1,mm10,se
ENCFF001NRX,ENCFF001NRX,ChIP-seq,1,mm10,se
ENCFF001MTO,ENCFF001MTO,ChIP-seq,0,mm10,se
ENCFF001LOI,ENCFF001LOI,ChIP-seq,0,mm10,se
ENCFF001OAA,ENCFF001OAA,ChIP-seq,1,mm10,se
ENCFF001MZI,ENCFF001MZI,ChIP-seq,1,mm10,se
ENCFF001LMR,ENCFF001LMR,ChIP-seq,0,mm10,se
ENCFF001KWO,ENCFF001KWO,ChIP-seq,0,mm10,se
ENCFF002BXT,ENCFF002BXT,ChIP-seq,0,mm10,se
ENCFF001KCT,ENCFF001KCT,ChIP-seq,0,mm10,se
ENCFF418BAW,ENCFF418BAW,ChIP-seq,0,mm10,se
ENCFF001LRL,ENCFF001LRL,ChIP-seq,0,mm10,se
ENCFF001KVT,ENCFF001KVT,ChIP-seq,1,mm10,se
ENCFF001NPE,ENCFF001NPE,ChIP-seq,1,mm10,se
ENCFF368AXL,ENCFF368AXL,ChIP-seq,0,mm10,se
ENCFF002AEZ,ENCFF002AEZ,ChIP-seq,1,mm10,se
ENCFF001NER,ENCFF001NER,ChIP-seq,1,mm10,se
ENCFF001IAQ,ENCFF001IAQ,ChIP-seq,0,mm10,se
ENCFF001NLL,ENCFF001NLL,ChIP-seq,1,mm10,se
ENCFF001LLL,ENCFF001LLL,ChIP-seq,1,mm10,se
ENCFF001NCD,ENCFF001NCD,ChIP-seq,1,mm10,se
ENCFF001NOM,ENCFF001NOM,ChIP-seq,1,mm10,se
ENCFF001KPE,ENCFF001KPE,ChIP-seq,0,mm10,se
ENCFF001KFS,ENCFF001KFS,ChIP-seq,0,mm10,se
ENCFF001NZO,ENCFF001NZO,ChIP-seq,1,mm10,se
ENCFF001NJF,ENCFF001NJF,ChIP-seq,1,mm10,se
ENCFF001NTQ,ENCFF001NTQ,ChIP-seq,1,mm10,se
ENCFF001LSL,ENCFF001LSL,ChIP-seq,0,mm10,se
ENCFF118FEW,ENCFF118FEW,ChIP-seq,0,mm10,se
ENCFF001MXV,ENCFF001MXV,ChIP-seq,1,mm10,se
ENCFF784CRV,ENCFF784CRV,ChIP-seq,1,mm10,se
ENCFF001NNB,ENCFF001NNB,ChIP-seq,1,mm10,se
ENCFF001NRU,ENCFF001NRU,ChIP-seq,1,mm10,se
ENCFF001JYS,ENCFF001JYS,ChIP-seq,0,mm10,se
ENCFF001NQU,ENCFF001NQU,ChIP-seq,0,mm10,se
ENCFF045GWQ,ENCFF045GWQ,ChIP-seq,0,mm10,se
ENCFF001NVW,ENCFF001NVW,ChIP-seq,0,mm10,se
ENCFF002BWA,ENCFF002BWA,ChIP-seq,1,mm10,se
ENCFF001NVJ,ENCFF001NVJ,ChIP-seq,1,mm10,se
ENCFF001LIW,ENCFF001LIW,ChIP-seq,0,mm10,se
ENCFF002BXP,ENCFF002BXP,ChIP-seq,0,mm10,se
ENCFF001NGE,ENCFF001NGE,ChIP-seq,0,mm10,se
ENCFF001NUJ,ENCFF001NUJ,ChIP-seq,0,mm10,se
ENCFF550AJM,ENCFF550AJM,ChIP-seq,0,mm10,se
ENCFF001NAY,ENCFF001NAY,ChIP-seq,1,mm10,se
ENCFF001LUU,ENCFF001LUU,ChIP-seq,0,mm10,se
ENCFF001MTM,ENCFF001MTM,ChIP-seq,0,mm10,se
ENCFF001NOP,ENCFF001NOP,ChIP-seq,1,mm10,se
ENCFF001KVW,ENCFF001KVW,ChIP-seq,1,mm10,se
ENCFF001LPS,ENCFF001LPS,ChIP-seq,0,mm10,se
ENCFF001OBO,ENCFF001OBO,ChIP-seq,1,mm10,se
ENCFF821JEP,ENCFF821JEP,ChIP-seq,0,mm10,se
ENCFF002BXV,ENCFF002BXV,ChIP-seq,1,mm10,se
ENCFF001KKM,ENCFF001KKM,ChIP-seq,1,mm10,se
ENCFF001LQF,ENCFF001LQF,ChIP-seq,0,mm10,se
ENCFF001MYX,ENCFF001MYX,ChIP-seq,1,mm10,se
ENCFF001NQI,ENCFF001NQI,ChIP-seq,1,mm10,se
ENCFF001NTB,ENCFF001NTB,ChIP-seq,1,mm10,se
ENCFF002BXO,ENCFF002BXO,ChIP-seq,0,mm10,se
ENCFF001NNN,ENCFF001NNN,ChIP-seq,0,mm10,se
ENCFF001LYB,ENCFF001LYB,ChIP-seq,0,mm10,se
ENCFF001NMT,ENCFF001NMT,ChIP-seq,1,mm10,se
ENCFF001MXT,ENCFF001MXT,ChIP-seq,1,mm10,se
ENCFF001NSD,ENCFF001NSD,ChIP-seq,1,mm10,se
ENCFF001KMK,ENCFF001KMK,ChIP-seq,0,mm10,se
ENCFF001NQG,ENCFF001NQG,ChIP-seq,0,mm10,se
ENCFF001LQV,ENCFF001LQV,ChIP-seq,1,mm10,se
ENCFF001LMV,ENCFF001LMV,ChIP-seq,0,mm10,se
ENCFF001NWM,ENCFF001NWM,ChIP-seq,0,mm10,se
ENCFF815GRU,ENCFF815GRU,ChIP-seq,0,mm10,se
ENCFF907BFC,ENCFF907BFC,ChIP-seq,0,mm10,se
ENCFF001OAC,ENCFF001OAC,ChIP-seq,1,mm10,se
ENCFF001OAY,ENCFF001OAY,ChIP-seq,1,mm10,se
ENCFF001KMJ,ENCFF001KMJ,ChIP-seq,0,mm10,se
ENCFF001NJN,ENCFF001NJN,ChIP-seq,1,mm10,se
ENCFF001MFC,ENCFF001MFC,ChIP-seq,0,mm10,se
ENCFF001NHL,ENCFF001NHL,ChIP-seq,1,mm10,se
ENCFF001MYJ,ENCFF001MYJ,ChIP-seq,1,mm10,se
ENCFF001LQW,ENCFF001LQW,ChIP-seq,0,mm10,se
ENCFF001MMW,ENCFF001MMW,ChIP-seq,0,mm10,se
ENCFF001NCI,ENCFF001NCI,ChIP-seq,1,mm10,se
ENCFF002BXB,ENCFF002BXB,ChIP-seq,1,mm10,se
ENCFF001NLH,ENCFF001NLH,ChIP-seq,0,mm10,se
ENCFF001NCB,ENCFF001NCB,ChIP-seq,1,mm10,se
ENCFF001NUY,ENCFF001NUY,ChIP-seq,0,mm10,se
ENCFF001NVB,ENCFF001NVB,ChIP-seq,1,mm10,se
ENCFF002BXN,ENCFF002BXN,ChIP-seq,1,mm10,se
ENCFF001NUM,ENCFF001NUM,ChIP-seq,0,mm10,se
ENCFF001JWV,ENCFF001JWV,ChIP-seq,0,mm10,se
ENCFF001KNP,ENCFF001KNP,ChIP-seq,0,mm10,se
ENCFF001NMB,ENCFF001NMB,ChIP-seq,0,mm10,se
ENCFF001KRZ,ENCFF001KRZ,ChIP-seq,0,mm10,se
ENCFF001KHG,ENCFF001KHG,ChIP-seq,0,mm10,se
ENCFF001LMJ,ENCFF001LMJ,ChIP-seq,0,mm10,se
ENCFF001KOQ,ENCFF001KOQ,ChIP-seq,0,mm10,se
ENCFF001LRI,ENCFF001LRI,ChIP-seq,1,mm10,se
ENCFF001NHA,ENCFF001NHA,ChIP-seq,1,mm10,se
ENCFF001NTF,ENCFF001NTF,ChIP-seq,0,mm10,se
ENCFF001NRE,ENCFF001NRE,ChIP-seq,1,mm10,se
ENCFF002BXL,ENCFF002BXL,ChIP-seq,0,mm10,se
ENCFF916TDC,ENCFF916TDC,ChIP-seq,0,mm10,se
ENCFF001JZV,ENCFF001JZV,ChIP-seq,0,mm10,se
ENCFF394QOQ,ENCFF394QOQ,ChIP-seq,0,mm10,se
ENCFF001MWB,ENCFF001MWB,ChIP-seq,0,mm10,se
ENCFF001KOX,ENCFF001KOX,ChIP-seq,0,mm10,se
ENCFF514LBY,ENCFF514LBY,ChIP-seq,0,mm10,se
ENCFF001KCS,ENCFF001KCS,ChIP-seq,0,mm10,se
ENCFF001KBU,ENCFF001KBU,ChIP-seq,0,mm10,se
ENCFF001NGG,ENCFF001NGG,ChIP-seq,0,mm10,se
ENCFF001NGU,ENCFF001NGU,ChIP-seq,1,mm10,se
ENCFF001NBH,ENCFF001NBH,ChIP-seq,1,mm10,se
ENCFF001NZG,ENCFF001NZG,ChIP-seq,1,mm10,se
ENCFF001NMA,ENCFF001NMA,ChIP-seq,1,mm10,se
ENCFF001OBP,ENCFF001OBP,ChIP-seq,0,mm10,se
ENCFF001NNH,ENCFF001NNH,ChIP-seq,1,mm10,se
ENCFF001OBG,ENCFF001OBG,ChIP-seq,1,mm10,se
ENCFF001NJH,ENCFF001NJH,ChIP-seq,1,mm10,se
ENCFF001NQX,ENCFF001NQX,ChIP-seq,1,mm10,se
ENCFF001MSV,ENCFF001MSV,ChIP-seq,0,mm10,se
ENCFF001NUN,ENCFF001NUN,ChIP-seq,1,mm10,se
ENCFF001NLM,ENCFF001NLM,ChIP-seq,0,mm10,se
ENCFF001OBI,ENCFF001OBI,ChIP-seq,1,mm10,se
ENCFF249RWY,ENCFF249RWY,ChIP-seq,0,mm10,se
ENCFF001KSH,ENCFF001KSH,ChIP-seq,0,mm10,se
ENCFF001NGO,ENCFF001NGO,ChIP-seq,0,mm10,se
ENCFF001NGS,ENCFF001NGS,ChIP-seq,1,mm10,se
ENCFF155KRU,ENCFF155KRU,ChIP-seq,0,mm10,se
ENCFF001NXR,ENCFF001NXR,ChIP-seq,1,mm10,se
ENCFF001NHJ,ENCFF001NHJ,ChIP-seq,1,mm10,se
ENCFF001ZIH,ENCFF001ZIH,ChIP-seq,0,mm10,se
ENCFF001NWS,ENCFF001NWS,ChIP-seq,1,mm10,se
ENCFF001LMS,ENCFF001LMS,ChIP-seq,1,mm10,se
ENCFF001KDQ,ENCFF001KDQ,ChIP-seq,0,mm10,se
ENCFF002BXI,ENCFF002BXI,ChIP-seq,0,mm10,se
ENCFF001KUW,ENCFF001KUW,ChIP-seq,0,mm10,se
ENCFF001NEZ,ENCFF001NEZ,ChIP-seq,1,mm10,se
ENCFF001KWT,ENCFF001KWT,ChIP-seq,0,mm10,se
ENCFF001MYZ,ENCFF001MYZ,ChIP-seq,1,mm10,se
ENCFF482JNU,ENCFF482JNU,ChIP-seq,0,mm10,se
ENCFF001NBF,ENCFF001NBF,ChIP-seq,1,mm10,se
ENCFF001NWA,ENCFF001NWA,ChIP-seq,1,mm10,se
ENCFF001NQA,ENCFF001NQA,ChIP-seq,0,mm10,se
ENCFF001NWK,ENCFF001NWK,ChIP-seq,0,mm10,se
ENCFF001MYB,ENCFF001MYB,ChIP-seq,1,mm10,se
ENCFF001OBA,ENCFF001OBA,ChIP-seq,1,mm10,se
ENCFF001KPB,ENCFF001KPB,ChIP-seq,0,mm10,se
ENCFF001NCF,ENCFF001NCF,ChIP-seq,0,mm10,se
ENCFF001NST,ENCFF001NST,ChIP-seq,1,mm10,se
ENCFF001NGH,ENCFF001NGH,ChIP-seq,1,mm10,se
ENCFF001MUJ,ENCFF001MUJ,ChIP-seq,0,mm10,se
ENCFF001KEX,ENCFF001KEX,ChIP-seq,0,mm10,se
ENCFF001OBF,ENCFF001OBF,ChIP-seq,0,mm10,se
ENCFF001NZM,ENCFF001NZM,ChIP-seq,1,mm10,se
ENCFF001NLN,ENCFF001NLN,ChIP-seq,1,mm10,se
ENCFF001MXL,ENCFF001MXL,ChIP-seq,1,mm10,se
ENCFF892KDP,ENCFF892KDP,ChIP-seq,0,mm10,se
ENCFF001KUP,ENCFF001KUP,ChIP-seq,0,mm10,se
ENCFF001LUW,ENCFF001LUW,ChIP-seq,0,mm10,se
ENCFF001MWM,ENCFF001MWM,ChIP-seq,0,mm10,se
ENCFF001KHY,ENCFF001KHY,ChIP-seq,0,mm10,se
ENCFF616SZN,ENCFF616SZN,ChIP-seq,0,mm10,se
ENCFF001NKR,ENCFF001NKR,ChIP-seq,1,mm10,se
ENCFF001HZN,ENCFF001HZN,ChIP-seq,0,mm10,se
ENCFF001LZR,ENCFF001LZR,ChIP-seq,0,mm10,se
ENCFF001KGA,ENCFF001KGA,ChIP-seq,0,mm10,se
ENCFF001KUI,ENCFF001KUI,ChIP-seq,0,mm10,se
ENCFF001NHQ,ENCFF001NHQ,ChIP-seq,0,mm10,se
ENCFF001NCH,ENCFF001NCH,ChIP-seq,0,mm10,se
ENCFF001KJY,ENCFF001KJY,ChIP-seq,0,mm10,se
ENCFF001LTJ,ENCFF001LTJ,ChIP-seq,1,mm10,se
ENCFF002BXR,ENCFF002BXR,ChIP-seq,0,mm10,se
ENCFF001KTC,ENCFF001KTC,ChIP-seq,0,mm10,se
ENCFF001LIV,ENCFF001LIV,ChIP-seq,0,mm10,se
ENCFF001MZF,ENCFF001MZF,ChIP-seq,1,mm10,se
ENCFF001LUA,ENCFF001LUA,ChIP-seq,1,mm10,se
ENCFF001LRB,ENCFF001LRB,ChIP-seq,1,mm10,se
ENCFF001LIY,ENCFF001LIY,ChIP-seq,0,mm10,se
ENCFF001KUA,ENCFF001KUA,ChIP-seq,1,mm10,se
ENCFF001NBN,ENCFF001NBN,ChIP-seq,1,mm10,se
ENCFF001LBB,ENCFF001LBB,ChIP-seq,1,mm10,se
ENCFF001NEX,ENCFF001NEX,ChIP-seq,1,mm10,se
ENCFF002AFK,ENCFF002AFK,ChIP-seq,1,mm10,se
ENCFF445IOU,ENCFF445IOU,ChIP-seq,0,mm10,se
ENCFF001KWL,ENCFF001KWL,ChIP-seq,1,mm10,se
ENCFF773FQJ,ENCFF773FQJ,ChIP-seq,0,mm10,se
ENCFF031RLD,ENCFF031RLD,ChIP-seq,0,mm10,se
ENCFF002BXX,ENCFF002BXX,ChIP-seq,0,mm10,se
ENCFF001IAP,ENCFF001IAP,ChIP-seq,0,mm10,se
ENCFF001NAQ,ENCFF001NAQ,ChIP-seq,1,mm10,se
ENCFF001NWQ,ENCFF001NWQ,ChIP-seq,1,mm10,se
ENCFF001NSF,ENCFF001NSF,ChIP-seq,1,mm10,se
ENCFF001MYQ,ENCFF001MYQ,ChIP-seq,1,mm10,se
ENCFF001NIQ,ENCFF001NIQ,ChIP-seq,1,mm10,se
ENCFF001LNH,ENCFF001LNH,ChIP-seq,0,mm10,se
ENCFF001NGF,ENCFF001NGF,ChIP-seq,1,mm10,se
ENCFF001NSZ,ENCFF001NSZ,ChIP-seq,1,mm10,se
ENCFF001NOG,ENCFF001NOG,ChIP-seq,1,mm10,se
ENCFF001MXN,ENCFF001MXN,ChIP-seq,1,mm10,se
ENCFF001NXT,ENCFF001NXT,ChIP-seq,1,mm10,se
ENCFF332VAG,ENCFF332VAG,ChIP-seq,0,mm10,se
ENCFF001NPC,ENCFF001NPC,ChIP-seq,1,mm10,se
ENCFF001KCX,ENCFF001KCX,ChIP-seq,0,mm10,se
ENCFF001KHQ,ENCFF001KHQ,ChIP-seq,0,mm10,se
ENCFF001NTG,ENCFF001NTG,ChIP-seq,1,mm10,se
ENCFF001LQY,ENCFF001LQY,ChIP-seq,0,mm10,se
ENCFF001KVS,ENCFF001KVS,ChIP-seq,1,mm10,se
ENCFF001NTE,ENCFF001NTE,ChIP-seq,1,mm10,se
ENCFF001KMI,ENCFF001KMI,ChIP-seq,0,mm10,se
ENCFF001NTN,ENCFF001NTN,ChIP-seq,0,mm10,se
ENCFF001NAW,ENCFF001NAW,ChIP-seq,1,mm10,se
ENCFF665KBE,ENCFF665KBE,ChIP-seq,0,mm10,se
ENCFF001NNJ,ENCFF001NNJ,ChIP-seq,1,mm10,se
ENCFF001NMC,ENCFF001NMC,ChIP-seq,1,mm10,se
ENCFF001NMK,ENCFF001NMK,ChIP-seq,1,mm10,se
ENCFF001MQO,ENCFF001MQO,ChIP-seq,0,mm10,se
ENCFF001NZE,ENCFF001NZE,ChIP-seq,1,mm10,se
ENCFF001MZH,ENCFF001MZH,ChIP-seq,1,mm10,se
ENCFF001KVV,ENCFF001KVV,ChIP-seq,1,mm10,se
ENCFF001LMB,ENCFF001LMB,ChIP-seq,1,mm10,se
ENCFF001NBP,ENCFF001NBP,ChIP-seq,1,mm10,se
ENCFF058OWQ,ENCFF058OWQ,ChIP-seq,0,mm10,se
ENCFF001LSJ,ENCFF001LSJ,ChIP-seq,0,mm10,se
ENCFF001NMI,ENCFF001NMI,ChIP-seq,1,mm10,se
ENCFF001KBQ,ENCFF001KBQ,ChIP-seq,0,mm10,se
ENCFF796KYR,ENCFF796KYR,DNase-seq,0,hg38,pe
ENCFF123KCR,ENCFF123KCR,DNase-seq,1,hg38,pe
ENCFF454APQ,ENCFF454APQ,DNase-seq,0,hg38,pe
ENCFF957WQF,ENCFF328AIK,DNase-seq,0,hg38,pe
ENCFF434GVX,ENCFF056LLR,DNase-seq,1,hg38,pe
ENCFF442EOZ,ENCFF761QHI,DNase-seq,0,hg38,pe
ENCFF864YTA,ENCFF387BUL,DNase-seq,0,hg38,pe
ENCFF530SFF,ENCFF530SFF,DNase-seq,1,hg38,pe
ENCFF439JZQ,ENCFF439JZQ,DNase-seq,1,hg38,pe
ENCFF109IFT,ENCFF109IFT,DNase-seq,1,hg38,pe
ENCFF134RXE,ENCFF052HTJ,DNase-seq,1,hg38,pe
ENCFF646HUJ,ENCFF499OWE,DNase-seq,0,hg38,pe
ENCFF373PSV,ENCFF373PSV,DNase-seq,1,hg38,pe
ENCFF070AZA,ENCFF070AZA,DNase-seq,0,hg38,pe
ENCFF935OLR,ENCFF935OLR,DNase-seq,0,hg38,pe
ENCFF793TLT,ENCFF503KIS,DNase-seq,1,hg38,pe
ENCFF577XUT,ENCFF984PAZ,DNase-seq,1,hg38,pe
ENCFF114XZJ,ENCFF114XZJ,DNase-seq,0,hg38,pe
ENCFF050PRV,ENCFF569DYW,DNase-seq,1,hg38,pe
ENCFF166ABT,ENCFF828MSV,DNase-seq,0,hg38,pe
ENCFF619PFQ,ENCFF619PFQ,DNase-seq,1,hg38,pe
ENCFF459ZWQ,ENCFF415CLL,DNase-seq,0,hg38,pe
ENCFF373TKW,ENCFF303UIF,DNase-seq,0,hg38,pe
ENCFF658PHC,ENCFF658PHC,DNase-seq,0,hg38,pe
ENCFF860JXB,ENCFF860JXB,DNase-seq,0,hg38,pe
ENCFF420HAW,ENCFF420HAW,DNase-seq,0,hg38,pe
ENCFF863WED,ENCFF040FYM,DNase-seq,0,hg38,pe
ENCFF187XFF,ENCFF435FIG,DNase-seq,1,hg38,pe
ENCFF372XAY,ENCFF578XLP,DNase-seq,0,hg38,pe
ENCFF256GSA,ENCFF117PYQ,DNase-seq,0,hg38,pe
ENCFF177ITM,ENCFF158QWF,DNase-seq,0,hg38,pe
ENCFF075JVN,ENCFF837KRM,DNase-seq,0,hg38,pe
ENCFF911ENH,ENCFF911ENH,DNase-seq,1,hg38,pe
ENCFF266UTD,ENCFF096WNB,DNase-seq,1,hg38,pe
ENCFF142IUW,ENCFF142IUW,DNase-seq,1,hg38,pe
ENCFF815ZUV,ENCFF498XBD,DNase-seq,0,hg38,pe
ENCFF560UBJ,ENCFF558FDQ,DNase-seq,0,hg38,pe
ENCFF816TZT,ENCFF427QLC,DNase-seq,1,hg38,pe
ENCFF279EYA,ENCFF754HPK,DNase-seq,0,hg38,pe
ENCFF287MXM,ENCFF287MXM,DNase-seq,0,hg38,pe
ENCFF322XUT,ENCFF533AZL,DNase-seq,1,hg38,pe
ENCFF286UWB,ENCFF286UWB,DNase-seq,0,hg38,pe
ENCFF569MQH,ENCFF226OBW,DNase-seq,0,hg38,pe
ENCFF040GBJ,ENCFF962CXQ,DNase-seq,1,hg38,pe
ENCFF308XPO,ENCFF879CBP,DNase-seq,0,hg38,pe
ENCFF903BLH,ENCFF426IQZ,DNase-seq,1,hg38,pe
ENCFF430QUU,ENCFF511KTN,DNase-seq,1,hg38,pe
ENCFF608EKN,ENCFF228JTT,DNase-seq,1,hg38,pe
ENCFF717SDM,ENCFF013EWP,DNase-seq,0,hg38,pe
ENCFF991YFL,ENCFF991YFL,DNase-seq,0,hg38,pe
ENCFF996YTI,ENCFF996YTI,DNase-seq,1,hg38,pe
ENCFF052KGA,ENCFF052KGA,DNase-seq,1,hg38,pe
ENCFF472DNL,ENCFF472DNL,DNase-seq,1,hg38,pe
ENCFF327MNG,ENCFF467MMC,DNase-seq,0,hg38,pe
ENCFF377UJH,ENCFF377UJH,DNase-seq,0,hg38,pe
ENCFF212DTF,ENCFF907JCI,DNase-seq,1,hg38,pe
ENCFF140MGC,ENCFF043WCU,DNase-seq,0,hg38,pe
ENCFF620FFC,ENCFF045UZG,DNase-seq,0,hg38,pe
ENCFF754VPL,ENCFF754VPL,DNase-seq,0,hg38,pe
ENCFF052HWG,ENCFF052HWG,DNase-seq,0,hg38,pe
ENCFF418GNA,ENCFF341MZE,DNase-seq,0,hg38,pe
ENCFF677FUH,ENCFF677FUH,DNase-seq,1,hg38,pe
ENCFF002EQZ,ENCFF002EQU,DNase-seq,0,hg38,pe
ENCFF224AJP,ENCFF224AJP,DNase-seq,1,hg38,pe
ENCFF896KQJ,ENCFF811MSY,DNase-seq,0,hg38,pe
ENCFF972HMB,ENCFF026UVD,DNase-seq,1,hg38,pe
ENCFF298NHG,ENCFF721WKL,DNase-seq,1,hg38,pe
ENCFF215CCC,ENCFF147VEZ,DNase-seq,1,hg38,pe
ENCFF724ZTC,ENCFF763MIQ,DNase-seq,0,hg38,pe
ENCFF523STC,ENCFF523STC,DNase-seq,1,hg38,pe
ENCFF005PIM,ENCFF721IWB,DNase-seq,1,hg38,pe
ENCFF321DAV,ENCFF321DAV,DNase-seq,0,hg38,pe
ENCFF431RGV,ENCFF431RGV,DNase-seq,1,hg38,pe
ENCFF439TOU,ENCFF958FRC,DNase-seq,1,hg38,pe
ENCFF806OYI,ENCFF177YLW,DNase-seq,0,hg38,pe
ENCFF761ZSC,ENCFF761ZSC,DNase-seq,1,hg38,pe
ENCFF740KBI,ENCFF679ZXH,DNase-seq,0,hg38,pe
ENCFF990HBV,ENCFF565PXL,DNase-seq,1,hg38,pe
ENCFF994JJX,ENCFF963BRG,DNase-seq,0,hg38,pe
ENCFF232YBS,ENCFF629RYZ,DNase-seq,1,hg38,pe
ENCFF982IAW,ENCFF982IAW,DNase-seq,1,hg38,pe
ENCFF781NZZ,ENCFF781NZZ,DNase-seq,1,hg38,pe
ENCFF207KVZ,ENCFF207KVZ,DNase-seq,1,hg38,pe
ENCFF503BZM,ENCFF503BZM,DNase-seq,1,hg38,pe
ENCFF391QPN,ENCFF391QPN,DNase-seq,1,hg38,pe
ENCFF080CPN,ENCFF492MYK,DNase-seq,0,hg38,pe
ENCFF461LIR,ENCFF173XRS,DNase-seq,0,hg38,pe
ENCFF882XMA,ENCFF882XMA,DNase-seq,1,hg38,pe
ENCFF549DQK,ENCFF435DRI,DNase-seq,1,hg38,pe
ENCFF655XTX,ENCFF790FQW,DNase-seq,1,hg38,pe
ENCFF832HSL,ENCFF658ZRQ,DNase-seq,1,hg38,pe
ENCFF992QLS,ENCFF613TFL,DNase-seq,1,hg38,pe
ENCFF336SVF,ENCFF137KIG,DNase-seq,1,hg38,pe
ENCFF328DGK,ENCFF938SUL,DNase-seq,0,hg38,pe
ENCFF092XZY,ENCFF406XVO,DNase-seq,1,hg38,pe
ENCFF014IOU,ENCFF996JML,DNase-seq,0,hg38,pe
ENCFF566MNM,ENCFF566MNM,DNase-seq,0,hg38,pe
ENCFF428IKC,ENCFF428IKC,DNase-seq,1,hg38,pe
ENCFF328ABN,ENCFF196TBZ,DNase-seq,0,hg38,pe
ENCFF622ABQ,ENCFF622ABQ,DNase-seq,1,hg38,pe
ENCFF593IJZ,ENCFF315GDY,DNase-seq,1,hg38,pe
ENCFF229OLT,ENCFF229OLT,DNase-seq,0,hg38,pe
ENCFF163OOS,ENCFF789LVT,DNase-seq,1,hg38,pe
ENCFF002ERF,ENCFF002ERF,DNase-seq,0,hg38,pe
ENCFF003PTJ,ENCFF003PTJ,DNase-seq,1,hg38,pe
ENCFF665WBA,ENCFF665WBA,DNase-seq,1,hg38,pe
ENCFF990AOS,ENCFF990AOS,DNase-seq,0,hg38,pe
ENCFF830OFV,ENCFF830OFV,DNase-seq,0,hg38,pe
ENCFF853IEJ,ENCFF814WXD,DNase-seq,0,hg38,pe
ENCFF785VOO,ENCFF487EHE,DNase-seq,0,hg38,pe
ENCFF124NVR,ENCFF124NVR,DNase-seq,1,hg38,pe
ENCFF411QZU,ENCFF036OXC,DNase-seq,1,hg38,pe
ENCFF478ZDN,ENCFF447ZPE,DNase-seq,1,hg38,pe
ENCFF089TZR,ENCFF089TZR,DNase-seq,1,hg38,pe
ENCFF274TFI,ENCFF797LIC,DNase-seq,0,hg38,pe
ENCFF964YRG,ENCFF964YRG,DNase-seq,1,hg38,pe
ENCFF616HZK,ENCFF126GLB,DNase-seq,0,hg38,pe
ENCFF379ROL,ENCFF379ROL,DNase-seq,1,hg38,pe
ENCFF680IKR,ENCFF476DQM,DNase-seq,1,hg38,pe
ENCFF863FVN,ENCFF863FVN,DNase-seq,1,hg38,pe
ENCFF159OVJ,ENCFF159OVJ,DNase-seq,1,hg38,pe
ENCFF564VDZ,ENCFF739YHM,DNase-seq,0,hg38,pe
ENCFF163WTN,ENCFF163WTN,DNase-seq,0,hg38,pe
ENCFF579KDH,ENCFF667HAO,DNase-seq,0,hg38,pe
ENCFF285JBS,ENCFF697EXD,DNase-seq,0,hg38,pe
ENCFF542KZY,ENCFF181WQI,DNase-seq,0,hg38,pe
ENCFF906SAW,ENCFF906SAW,DNase-seq,1,hg38,pe
ENCFF688LER,ENCFF688LER,DNase-seq,1,hg38,pe
ENCFF758CTS,ENCFF162RIY,DNase-seq,0,hg38,pe
ENCFF752GHJ,ENCFF752GHJ,DNase-seq,0,hg38,pe
ENCFF049WQG,ENCFF049WQG,DNase-seq,1,hg38,pe
ENCFF317KXT,ENCFF247QAD,DNase-seq,0,hg38,pe
ENCFF343UMW,ENCFF736IUT,DNase-seq,0,hg38,pe
ENCFF045DGR,ENCFF819TAP,DNase-seq,0,hg38,pe
ENCFF637XDH,ENCFF637XDH,DNase-seq,1,hg38,pe
ENCFF325XTE,ENCFF654DOD,DNase-seq,0,hg38,pe
ENCFF969OBA,ENCFF969OBA,DNase-seq,1,hg38,pe
ENCFF402LYH,ENCFF402LYH,DNase-seq,1,hg38,pe
ENCFF454GEF,ENCFF454GEF,DNase-seq,1,hg38,pe
ENCFF110JAO,ENCFF110JAO,DNase-seq,0,hg38,pe
ENCFF405CPB,ENCFF405CPB,DNase-seq,0,hg38,pe
ENCFF909ZUV,ENCFF909ZUV,DNase-seq,1,hg38,pe
ENCFF024YNB,ENCFF024YNB,DNase-seq,0,hg38,pe
ENCFF335LPO,ENCFF364MZF,DNase-seq,1,hg38,pe
ENCFF527ROA,ENCFF523GES,DNase-seq,0,hg38,pe
ENCFF018KAE,ENCFF050UYR,DNase-seq,0,hg38,pe
ENCFF600OSX,ENCFF600OSX,DNase-seq,1,hg38,pe
ENCFF907CWH,ENCFF907CWH,DNase-seq,0,hg38,pe
ENCFF940ZEI,ENCFF326QAT,DNase-seq,0,hg38,pe
ENCFF311ZPM,ENCFF311ZPM,DNase-seq,1,hg38,pe
ENCFF072DEL,ENCFF072DEL,DNase-seq,0,hg38,pe
ENCFF339MTK,ENCFF339MTK,DNase-seq,1,hg38,pe
ENCFF516AHY,ENCFF920SOC,DNase-seq,1,hg38,pe
ENCFF536GTU,ENCFF536GTU,DNase-seq,1,hg38,pe
ENCFF894ELE,ENCFF894ELE,DNase-seq,0,hg38,pe
ENCFF733BXA,ENCFF307REP,DNase-seq,0,hg38,pe
ENCFF384PCO,ENCFF902QMZ,DNase-seq,0,hg38,pe
ENCFF228LAZ,ENCFF123JGV,DNase-seq,1,hg38,pe
ENCFF014MOR,ENCFF231QZC,DNase-seq,0,hg38,pe
ENCFF002DNJ,ENCFF002DNJ,DNase-seq,0,hg38,pe
ENCFF900XLB,ENCFF970CDE,DNase-seq,1,hg38,pe
ENCFF745TGS,ENCFF745TGS,DNase-seq,1,hg38,pe
ENCFF484TEY,ENCFF484TEY,DNase-seq,1,hg38,pe
ENCFF897EKL,ENCFF969CNA,DNase-seq,1,hg38,pe
ENCFF516SZA,ENCFF516SZA,DNase-seq,1,hg38,pe
ENCFF716WKO,ENCFF716WKO,DNase-seq,1,hg38,pe
ENCFF197WIZ,ENCFF076GIM,DNase-seq,0,hg38,pe
ENCFF492GUR,ENCFF454QVD,DNase-seq,1,hg38,pe
ENCFF015ITU,ENCFF015ITU,DNase-seq,0,hg38,pe
ENCFF473AAA,ENCFF473AAA,DNase-seq,1,hg38,pe
ENCFF200ULF,ENCFF200ULF,DNase-seq,1,hg38,pe
ENCFF750DCS,ENCFF830AJL,DNase-seq,1,hg38,pe
ENCFF652WDZ,ENCFF988AMT,DNase-seq,0,hg38,pe
ENCFF981ADW,ENCFF017KXG,DNase-seq,1,hg38,pe
ENCFF489YXE,ENCFF489YXE,DNase-seq,0,hg38,pe
ENCFF975UBI,ENCFF975UBI,DNase-seq,0,hg38,pe
ENCFF362PNQ,ENCFF362PNQ,DNase-seq,1,hg38,pe
ENCFF504HQG,ENCFF504HQG,DNase-seq,1,hg38,pe
ENCFF537CYF,ENCFF294BAO,DNase-seq,1,hg38,pe
ENCFF489OVA,ENCFF489OVA,DNase-seq,1,hg38,pe
ENCFF181HWO,ENCFF803BOW,DNase-seq,1,hg38,pe
ENCFF417NWI,ENCFF417NWI,DNase-seq,0,hg38,pe
ENCFF576PPN,ENCFF576PPN,DNase-seq,0,hg38,pe
ENCFF458WNO,ENCFF458WNO,DNase-seq,1,hg38,pe
ENCFF593PVF,ENCFF593PVF,DNase-seq,0,hg38,pe
ENCFF002DNL,ENCFF002DNL,DNase-seq,0,hg38,pe
ENCFF255JQS,ENCFF331JLM,DNase-seq,0,hg38,pe
ENCFF264RJN,ENCFF679WCJ,DNase-seq,1,hg38,pe
ENCFF326TCK,ENCFF007TOP,DNase-seq,0,hg38,pe
ENCFF229TDJ,ENCFF229TDJ,DNase-seq,0,hg38,pe
ENCFF635PVF,ENCFF588JWU,DNase-seq,0,hg38,pe
ENCFF195TPT,ENCFF907OCI,DNase-seq,0,hg38,pe
ENCFF784YDQ,ENCFF784YDQ,DNase-seq,0,hg38,pe
ENCFF939WQZ,ENCFF509BGR,DNase-seq,0,hg38,pe
ENCFF678FZC,ENCFF955QFS,DNase-seq,0,hg38,pe
ENCFF882HXM,ENCFF882HXM,DNase-seq,1,hg38,pe
ENCFF864LJP,ENCFF178HIV,DNase-seq,1,mm10,pe
ENCFF389ZLU,ENCFF991DRW,DNase-seq,1,mm10,pe
ENCFF491IBC,ENCFF674ETD,DNase-seq,1,mm10,pe
ENCFF996WWT,ENCFF139KFS,DNase-seq,1,mm10,pe
ENCFF407WMG,ENCFF407WMG,DNase-seq,1,mm10,pe
ENCFF539QAB,ENCFF539QAB,DNase-seq,1,mm10,pe
ENCFF407MAB,ENCFF950WVE,DNase-seq,1,mm10,pe
ENCFF993TBF,ENCFF993TBF,DNase-seq,0,mm10,pe
ENCFF925IOH,ENCFF925IOH,DNase-seq,1,mm10,pe
ENCFF597HXO,ENCFF597HXO,DNase-seq,1,mm10,pe
ENCFF198YQA,ENCFF997FGV,DNase-seq,1,mm10,pe
ENCFF344ZXG,ENCFF332ZOT,DNase-seq,0,mm10,pe
ENCFF267MSW,ENCFF267MSW,DNase-seq,0,mm10,pe
ENCFF817WJD,ENCFF817WJD,DNase-seq,0,mm10,pe
ENCFF899MWP,ENCFF532BFX,DNase-seq,0,mm10,pe
ENCFF746BDW,ENCFF761CFN,DNase-seq,1,mm10,pe
ENCFF127XWK,ENCFF127XWK,DNase-seq,1,mm10,pe
ENCFF773VRT,ENCFF773VRT,DNase-seq,0,mm10,pe
ENCFF623KPU,ENCFF623KPU,DNase-seq,1,mm10,pe
ENCFF003BTS,ENCFF087MOX,DNase-seq,0,mm10,pe
ENCFF312PSC,ENCFF555IRJ,DNase-seq,1,mm10,pe
ENCFF430FEN,ENCFF430FEN,DNase-seq,1,mm10,pe
ENCFF669WDA,ENCFF013KMC,DNase-seq,1,mm10,pe
ENCFF408OTY,ENCFF408OTY,DNase-seq,0,mm10,pe
ENCFF466XEJ,ENCFF662ZRQ,DNase-seq,0,mm10,pe
ENCFF055LNC,ENCFF818ELP,DNase-seq,1,mm10,pe
ENCFF872XVT,ENCFF872XVT,DNase-seq,1,mm10,pe
ENCFF841NCW,ENCFF023RRP,DNase-seq,1,mm10,pe
ENCFF082HGF,ENCFF048KPF,DNase-seq,1,mm10,pe
ENCFF926AFF,ENCFF926AFF,DNase-seq,0,mm10,pe
ENCFF741UCB,ENCFF741UCB,DNase-seq,0,mm10,pe
ENCFF846FBJ,ENCFF846FBJ,DNase-seq,0,mm10,pe
ENCFF881THL,ENCFF881THL,DNase-seq,0,mm10,pe
ENCFF699HRE,ENCFF148VHT,DNase-seq,0,mm10,pe
ENCFF501MTX,ENCFF038QUX,DNase-seq,1,mm10,pe
ENCFF784YUT,ENCFF784YUT,DNase-seq,1,mm10,pe
ENCFF436PQD,ENCFF530MQO,DNase-seq,0,mm10,pe
ENCFF482BDK,ENCFF659CLF,DNase-seq,1,mm10,pe
ENCFF970RQO,ENCFF970RQO,DNase-seq,1,mm10,pe
ENCFF363CIZ,ENCFF363CIZ,DNase-seq,0,mm10,pe
ENCFF038HKP,ENCFF593IOT,DNase-seq,0,mm10,pe
ENCFF294ZKH,ENCFF954GWE,DNase-seq,0,mm10,pe
ENCFF654CVX,ENCFF654CVX,DNase-seq,1,mm10,pe
ENCFF677EMF,ENCFF149PJC,DNase-seq,1,mm10,pe
ENCFF969PYZ,ENCFF969PYZ,DNase-seq,0,mm10,pe
ENCFF871XQA,ENCFF871XQA,DNase-seq,0,mm10,pe
ENCFF539VYO,ENCFF539VYO,DNase-seq,0,mm10,pe
ENCFF533KOQ,ENCFF533KOQ,DNase-seq,0,mm10,pe
ENCFF546JQZ,ENCFF546JQZ,DNase-seq,1,mm10,pe
ENCFF201KAH,ENCFF201KAH,DNase-seq,1,mm10,pe
ENCFF439XWE,ENCFF012DID,DNase-seq,0,mm10,pe
ENCFF968FSR,ENCFF968FSR,DNase-seq,0,mm10,pe
ENCFF544RRN,ENCFF128JEO,DNase-seq,0,mm10,pe
ENCFF219ILD,ENCFF009IVW,DNase-seq,0,mm10,pe
ENCFF189GTF,ENCFF189GTF,DNase-seq,1,mm10,pe
ENCFF542NRP,ENCFF542NRP,DNase-seq,0,mm10,pe
ENCFF832WYL,ENCFF832WYL,DNase-seq,1,mm10,pe
ENCFF044DAA,ENCFF044DAA,DNase-seq,1,mm10,pe
ENCFF392HBT,ENCFF392HBT,DNase-seq,1,mm10,pe
ENCFF838UET,ENCFF838UET,DNase-seq,1,mm10,pe
ENCFF310LVJ,ENCFF310LVJ,DNase-seq,0,mm10,pe
ENCFF365AVU,ENCFF365AVU,DNase-seq,0,mm10,pe
ENCFF267VSR,ENCFF267VSR,DNase-seq,1,mm10,pe
ENCFF721XDH,ENCFF882QWY,DNase-seq,0,mm10,pe
ENCFF591KFJ,ENCFF079QBT,DNase-seq,0,mm10,pe
ENCFF493FUF,ENCFF881MKS,DNase-seq,0,mm10,pe
ENCFF807ZAM,ENCFF069XLI,DNase-seq,0,mm10,pe
ENCFF570OCJ,ENCFF570OCJ,DNase-seq,1,mm10,pe
ENCFF160QCA,ENCFF160QCA,DNase-seq,0,mm10,pe
ENCFF154QOE,ENCFF019JSK,DNase-seq,1,mm10,pe
ENCFF578JRX,ENCFF578JRX,DNase-seq,1,mm10,pe
ENCFF771BKD,ENCFF742DJR,DNase-seq,1,mm10,pe
ENCFF287UEE,ENCFF287UEE,DNase-seq,0,mm10,pe
ENCFF781DID,ENCFF781DID,DNase-seq,0,mm10,pe
ENCFF079BQU,ENCFF079BQU,DNase-seq,1,mm10,pe
ENCFF580IYB,ENCFF580IYB,DNase-seq,1,mm10,pe
ENCFF806MFR,ENCFF806MFR,DNase-seq,0,mm10,pe
ENCFF675AFR,ENCFF675AFR,DNase-seq,0,mm10,pe
ENCFF776KZD,ENCFF776KZD,DNase-seq,1,mm10,pe
ENCFF534HYY,ENCFF574QLJ,DNase-seq,0,mm10,pe
ENCFF893KNS,ENCFF893KNS,DNase-seq,0,mm10,pe
ENCFF602LUK,ENCFF261FEV,DNase-seq,1,mm10,pe
ENCFF280OBN,ENCFF280OBN,DNase-seq,0,mm10,pe
ENCFF072BOY,ENCFF472FDX,DNase-seq,0,mm10,pe
